molecule_chembl_id,smiles,IC50_nM,pIC50,units,gene_symbol,uniprot_accession,chembl_target_id,protein_name,mw,logp,hba,hbd,tpsa,rotatable_bonds,rings,aromatic_rings,heavy_atoms,qed,fsp3,stereo_centers,ro5_violations,ro5_violation_details,ro5_pass,admet_qed,admet_tpsa,admet_rotb,admet_mw_range,admet_logp_range,admet_hbd,admet_hba,admet_rings,admet_pass,is_pains,pains_description,pains_pass,has_unwanted_substructure,unwanted_substructures,brenk_pass,passed_all_filters
CHEMBL000000,COc1cc2ncnc(Nc3ccc(F)c(Cl)c3)c2cc1OCCCN1CCOCC1,28.505507045723324,7.545071229516849,nM,TRIM22,Q8IYM9,CHEMBL203,TRIM22 kinase,446.15209652799996,4.275600000000003,7,1,68.74000000000001,8,4,3,31,0.517854527865434,0.36363636363636365,0,0,,True,True,True,True,True,True,True,True,True,True,False,,True,True,catechol,False,False
CHEMBL000001,COc1cc2c(Nc3cccc(Br)c3)ncnc2cc1OCC,255.50326354742143,6.592603548243223,nM,TRIM22,Q8IYM9,CHEMBL203,TRIM22 kinase,373.042588852,4.543200000000003,5,1,56.269999999999996,5,3,3,23,0.710549727643725,0.17647058823529413,0,0,,True,True,True,True,True,True,True,True,True,True,False,,True,True,catechol,False,False
CHEMBL000002,CN(C)c1cc2c(Nc3cccc(Br)c3)ncnc2cn1,16.922604041298992,7.771532807151038,nM,TRIM22,Q8IYM9,CHEMBL203,TRIM22 kinase,343.04325754800004,3.5969000000000015,5,1,53.94,3,3,3,21,0.7868681517234083,0.13333333333333333,0,0,,True,True,True,True,True,True,True,True,True,True,False,,True,False,,True,True
CHEMBL000003,Brc1cccc(Nc2ncnc3cc4ccccc4cc23)c1,0.8231049536492114,9.084544784612039,nM,TRIM22,Q8IYM9,CHEMBL203,TRIM22 kinase,349.021459484,5.289100000000002,3,1,37.81,2,4,4,22,0.49938282866401273,0.0,0,1,LogP=5.29>5,True,True,True,True,True,True,True,True,True,True,False,,True,False,,True,True
CHEMBL000004,CCOc1cc2ncnc(Nc3ccc(F)c(Cl)c3)c2cc1OCC,355.819759732119,6.448769937914996,nM,TRIM22,Q8IYM9,CHEMBL203,TRIM22 kinase,361.099332684,4.963300000000003,5,1,56.27000000000001,6,3,3,25,0.6718329180653437,0.2222222222222222,0,0,,True,True,True,True,True,True,True,True,True,True,False,,True,True,catechol,False,False
CHEMBL000005,Cc1cnc(Nc2cc(C(F)(F)F)cc(C3(N)CC3)c2)nc1,355.79958355072665,6.448794564576229,nM,TRIM22,Q8IYM9,CHEMBL203,TRIM22 kinase,308.12488114000007,3.4952200000000015,4,2,63.83,3,3,2,22,0.9107210731688247,0.3333333333333333,0,0,,True,True,True,True,True,True,True,True,True,True,False,,True,False,,True,True
CHEMBL000006,O=C(Nc1ccc2c(c1)OCCO2)c1ccc(Cl)cc1,0.6779236371943272,9.168819223261087,nM,TRIM22,Q8IYM9,CHEMBL203,TRIM22 kinase,289.050570924,3.363500000000002,3,1,47.56,2,3,2,20,0.9219638403299357,0.13333333333333333,0,0,,True,True,True,True,True,True,True,True,True,True,False,,True,True,catechol,False,False
CHEMBL000007,CS(=O)(=O)c1ccc(-c2nc3ccccc3s2)cc1,11.190459151602102,7.9511520937293625,nM,TRIM22,Q8IYM9,CHEMBL203,TRIM22 kinase,289.023120592,3.3668000000000022,4,0,47.03,2,3,3,19,0.7264218540215103,0.07142857142857142,0,0,,True,True,True,True,True,True,True,True,True,True,False,,True,False,,True,True
CHEMBL000008,CC1CCN(c2nc(Nc3ccc(F)c(Cl)c3)c3ncnc(N4CC4)c3n2)CC1,802.0687187970562,6.095788421097572,nM,TRIM22,Q8IYM9,CHEMBL203,TRIM22 kinase,413.1530995720001,4.012200000000003,7,1,69.84,4,5,3,29,0.6476963579880024,0.4,0,0,,True,True,True,True,True,True,True,True,True,True,False,,True,False,,True,True
CHEMBL000009,c1ccc2c(c1)nc(Nc1ccc(F)c(Cl)c1)nc2N1CCCC1,24.330998649446954,7.613840065378946,nM,TRIM22,Q8IYM9,CHEMBL203,TRIM22 kinase,342.104752412,4.7661000000000024,4,1,41.050000000000004,3,4,3,24,0.7442830304115482,0.2222222222222222,0,0,,True,True,True,True,True,True,True,True,True,True,False,,True,False,,True,True
CHEMBL000010,CC(=O)Nc1ccc(-c2ccc3ncnc(Nc4cccc(Br)c4)c3c2)cc1,785.4644599459252,6.104873460781306,nM,TRIM22,Q8IYM9,CHEMBL203,TRIM22 kinase,432.0585732640001,5.761300000000003,4,2,66.91,4,4,4,28,0.429491249943932,0.045454545454545456,0,1,LogP=5.76>5,True,True,True,True,True,True,True,True,True,True,False,,True,False,,True,True
CHEMBL000011,Brc1cccc(Nc2ncnc3cc4[nH]cnc4cc23)c1,791.7619563625666,6.101405369644614,nM,TRIM22,Q8IYM9,CHEMBL203,TRIM22 kinase,339.01195742000004,4.012200000000001,4,2,66.49000000000001,2,4,4,21,0.5785608229687814,0.0,0,0,,True,True,True,True,True,True,True,True,True,True,False,,True,False,,True,True
CHEMBL000012,CNc1cc2c(Nc3cccc(Br)c3)ncnc2cn1,68.71579773202446,7.162943407349051,nM,TRIM22,Q8IYM9,CHEMBL203,TRIM22 kinase,329.02760748400004,3.572600000000002,5,2,62.730000000000004,3,3,3,20,0.7686164717854101,0.07142857142857142,0,0,,True,True,True,True,True,True,True,True,True,True,False,,True,False,,True,True
CHEMBL000013,O=C(c1ccc(Cl)cc1)N1CCN(c2ncnc3ccccc23)CC1,117468.21433712909,3.930079633013303,nM,TRIM22,Q8IYM9,CHEMBL203,TRIM22 kinase,352.109088844,3.2456000000000014,4,0,49.330000000000005,2,4,3,25,0.7100746986812095,0.21052631578947367,0,0,,True,True,True,True,True,True,True,True,True,True,False,,True,False,,True,True
CHEMBL000014,Cc1ccc(-c2cc(NC(=O)c3ccc(CN4CCN(C)CC4)cc3)c(C)n2-c2ccc(F)cc2)cc1,61288.18337804038,4.2126232512304504,nM,TRIM22,Q8IYM9,CHEMBL203,TRIM22 kinase,496.26383989600004,5.899940000000006,3,1,40.510000000000005,6,5,4,37,0.3613676135606394,0.25806451612903225,0,1,LogP=5.90>5,True,False,True,True,True,True,True,True,True,False,True,pyrrole_B(29),False,False,,True,False
CHEMBL000015,COc1ccc(Nc2ncc3cc(-c4ccc(F)cc4)cc(=O)n3n2)cc1,1105.175614857397,5.95656870613854,nM,TRIM22,Q8IYM9,CHEMBL203,TRIM22 kinase,362.11790394,3.647800000000002,5,1,68.52,4,4,4,27,0.6001709199617381,0.05,0,0,,True,True,True,True,True,True,True,True,True,True,False,,True,False,,True,True
CHEMBL000016,O=C(/C=C/c1ccc(O)cc1)Nc1ccccc1,5238.979276036664,5.2807533194983645,nM,TRIM22,Q8IYM9,CHEMBL203,TRIM22 kinase,239.094628656,3.0441000000000003,2,2,49.33,3,2,2,18,0.808653511215013,0.0,0,0,,True,True,True,True,True,True,True,True,True,True,False,,True,True,michael_acceptor;isolated_alkene,False,False
CHEMBL000017,Cc1ccc(S(=O)(=O)Nc2cccc(C(F)(F)F)c2)cc1,53.53391451693621,7.271370998892911,nM,TRIM22,Q8IYM9,CHEMBL203,TRIM22 kinase,315.054084284,3.8146200000000023,2,1,46.17,3,2,2,21,0.9358255532078548,0.14285714285714285,0,0,,True,True,True,True,True,True,True,True,True,True,False,,True,False,,True,True
CHEMBL000018,CC(Nc1nc2ccccc2s1)c1ccccc1,3647.8427890152284,5.437963886718183,nM,TRIM22,Q8IYM9,CHEMBL203,TRIM22 kinase,254.087769448,4.469400000000003,3,1,24.92,3,3,3,18,0.7456020593403673,0.13333333333333333,1,0,,True,True,True,True,True,True,True,True,True,True,False,,True,False,,True,True
CHEMBL000019,N#Cc1ccc(NC(=O)c2cc3cc(Cl)ccc3[nH]2)cc1,20818.793237618804,4.681544447997062,nM,TRIM22,Q8IYM9,CHEMBL203,TRIM22 kinase,295.05123962,3.945280000000002,2,2,68.68,2,3,3,21,0.7514579774465523,0.0,0,0,,True,True,True,True,True,True,True,True,True,True,False,,True,False,,True,True
CHEMBL000020,COc1cc2ncnc(Nc3ccc(F)c(Cl)c3)c2cc1OCCCN1CCOCC1,1.0035218815629632,8.998473153382331,nM,TRIM22,Q8IYM9,CHEMBL203,TRIM22 kinase,446.15209652799996,4.275600000000003,7,1,68.74000000000001,8,4,3,31,0.517854527865434,0.36363636363636365,0,0,,True,True,True,True,True,True,True,True,True,True,False,,True,True,catechol,False,False
CHEMBL000021,COc1cc2c(Nc3cccc(Br)c3)ncnc2cc1OCC,345.67219765513465,6.4613355492701965,nM,TRIM22,Q8IYM9,CHEMBL203,TRIM22 kinase,373.042588852,4.543200000000003,5,1,56.269999999999996,5,3,3,23,0.710549727643725,0.17647058823529413,0,0,,True,True,True,True,True,True,True,True,True,True,False,,True,True,catechol,False,False
CHEMBL000022,CN(C)c1cc2c(Nc3cccc(Br)c3)ncnc2cn1,125.51848623234581,6.901292307031886,nM,TRIM22,Q8IYM9,CHEMBL203,TRIM22 kinase,343.04325754800004,3.5969000000000015,5,1,53.94,3,3,3,21,0.7868681517234083,0.13333333333333333,0,0,,True,True,True,True,True,True,True,True,True,True,False,,True,False,,True,True
CHEMBL000023,Brc1cccc(Nc2ncnc3cc4ccccc4cc23)c1,21733.130075639314,4.662877720679814,nM,TRIM22,Q8IYM9,CHEMBL203,TRIM22 kinase,349.021459484,5.289100000000002,3,1,37.81,2,4,4,22,0.49938282866401273,0.0,0,1,LogP=5.29>5,True,True,True,True,True,True,True,True,True,True,False,,True,False,,True,True
CHEMBL000024,CCOc1cc2ncnc(Nc3ccc(F)c(Cl)c3)c2cc1OCC,1038.900814573934,5.983425913212226,nM,TRIM22,Q8IYM9,CHEMBL203,TRIM22 kinase,361.099332684,4.963300000000003,5,1,56.27000000000001,6,3,3,25,0.6718329180653437,0.2222222222222222,0,0,,True,True,True,True,True,True,True,True,True,True,False,,True,True,catechol,False,False
CHEMBL000025,Cc1cnc(Nc2cc(C(F)(F)F)cc(C3(N)CC3)c2)nc1,108.0478465115574,6.966383884564799,nM,TRIM22,Q8IYM9,CHEMBL203,TRIM22 kinase,308.12488114000007,3.4952200000000015,4,2,63.83,3,3,2,22,0.9107210731688247,0.3333333333333333,0,0,,True,True,True,True,True,True,True,True,True,True,False,,True,False,,True,True
CHEMBL000026,O=C(Nc1ccc2c(c1)OCCO2)c1ccc(Cl)cc1,8442.875130423537,5.0735096338665455,nM,TRIM22,Q8IYM9,CHEMBL203,TRIM22 kinase,289.050570924,3.363500000000002,3,1,47.56,2,3,2,20,0.9219638403299357,0.13333333333333333,0,0,,True,True,True,True,True,True,True,True,True,True,False,,True,True,catechol,False,False
CHEMBL000027,CS(=O)(=O)c1ccc(-c2nc3ccccc3s2)cc1,43.296518162411246,7.363547027518508,nM,TRIM22,Q8IYM9,CHEMBL203,TRIM22 kinase,289.023120592,3.3668000000000022,4,0,47.03,2,3,3,19,0.7264218540215103,0.07142857142857142,0,0,,True,True,True,True,True,True,True,True,True,True,False,,True,False,,True,True
CHEMBL000028,CC1CCN(c2nc(Nc3ccc(F)c(Cl)c3)c3ncnc(N4CC4)c3n2)CC1,1261.705612277371,5.899041965121793,nM,TRIM22,Q8IYM9,CHEMBL203,TRIM22 kinase,413.1530995720001,4.012200000000003,7,1,69.84,4,5,3,29,0.6476963579880024,0.4,0,0,,True,True,True,True,True,True,True,True,True,True,False,,True,False,,True,True
CHEMBL000029,c1ccc2c(c1)nc(Nc1ccc(F)c(Cl)c1)nc2N1CCCC1,434.05086364723934,6.362459375310085,nM,TRIM22,Q8IYM9,CHEMBL203,TRIM22 kinase,342.104752412,4.7661000000000024,4,1,41.050000000000004,3,4,3,24,0.7442830304115482,0.2222222222222222,0,0,,True,True,True,True,True,True,True,True,True,True,False,,True,False,,True,True
CHEMBL000030,CC(=O)Nc1ccc(-c2ccc3ncnc(Nc4cccc(Br)c4)c3c2)cc1,1266.3679725577583,5.897440081655905,nM,TRIM22,Q8IYM9,CHEMBL203,TRIM22 kinase,432.0585732640001,5.761300000000003,4,2,66.91,4,4,4,28,0.429491249943932,0.045454545454545456,0,1,LogP=5.76>5,True,True,True,True,True,True,True,True,True,True,False,,True,False,,True,True
CHEMBL000031,Brc1cccc(Nc2ncnc3cc4[nH]cnc4cc23)c1,0.26398711099781347,9.578417276763407,nM,TRIM22,Q8IYM9,CHEMBL203,TRIM22 kinase,339.01195742000004,4.012200000000001,4,2,66.49000000000001,2,4,4,21,0.5785608229687814,0.0,0,0,,True,True,True,True,True,True,True,True,True,True,False,,True,False,,True,True
CHEMBL000032,CNc1cc2c(Nc3cccc(Br)c3)ncnc2cn1,166.05266005623955,6.779754162893099,nM,TRIM22,Q8IYM9,CHEMBL203,TRIM22 kinase,329.02760748400004,3.572600000000002,5,2,62.730000000000004,3,3,3,20,0.7686164717854101,0.07142857142857142,0,0,,True,True,True,True,True,True,True,True,True,True,False,,True,False,,True,True
CHEMBL000033,O=C(c1ccc(Cl)cc1)N1CCN(c2ncnc3ccccc23)CC1,6117.39316391076,5.2134336065661495,nM,TRIM22,Q8IYM9,CHEMBL203,TRIM22 kinase,352.109088844,3.2456000000000014,4,0,49.330000000000005,2,4,3,25,0.7100746986812095,0.21052631578947367,0,0,,True,True,True,True,True,True,True,True,True,True,False,,True,False,,True,True
CHEMBL000034,Cc1ccc(-c2cc(NC(=O)c3ccc(CN4CCN(C)CC4)cc3)c(C)n2-c2ccc(F)cc2)cc1,9.25087114748692,8.033817368154784,nM,TRIM22,Q8IYM9,CHEMBL203,TRIM22 kinase,496.26383989600004,5.899940000000006,3,1,40.510000000000005,6,5,4,37,0.3613676135606394,0.25806451612903225,0,1,LogP=5.90>5,True,False,True,True,True,True,True,True,True,False,True,pyrrole_B(29),False,False,,True,False
CHEMBL000035,COc1ccc(Nc2ncc3cc(-c4ccc(F)cc4)cc(=O)n3n2)cc1,10746.461198640507,4.968734525043466,nM,TRIM22,Q8IYM9,CHEMBL203,TRIM22 kinase,362.11790394,3.647800000000002,5,1,68.52,4,4,4,27,0.6001709199617381,0.05,0,0,,True,True,True,True,True,True,True,True,True,True,False,,True,False,,True,True
CHEMBL000036,O=C(/C=C/c1ccc(O)cc1)Nc1ccccc1,77.03793047195342,7.113295392507133,nM,TRIM22,Q8IYM9,CHEMBL203,TRIM22 kinase,239.094628656,3.0441000000000003,2,2,49.33,3,2,2,18,0.808653511215013,0.0,0,0,,True,True,True,True,True,True,True,True,True,True,False,,True,True,michael_acceptor;isolated_alkene,False,False
CHEMBL000037,Cc1ccc(S(=O)(=O)Nc2cccc(C(F)(F)F)c2)cc1,137881.24169815317,3.8604948141803366,nM,TRIM22,Q8IYM9,CHEMBL203,TRIM22 kinase,315.054084284,3.8146200000000023,2,1,46.17,3,2,2,21,0.9358255532078548,0.14285714285714285,0,0,,True,True,True,True,True,True,True,True,True,True,False,,True,False,,True,True
CHEMBL000038,CC(Nc1nc2ccccc2s1)c1ccccc1,15569.65801077881,4.807720926652355,nM,TRIM22,Q8IYM9,CHEMBL203,TRIM22 kinase,254.087769448,4.469400000000003,3,1,24.92,3,3,3,18,0.7456020593403673,0.13333333333333333,1,0,,True,True,True,True,True,True,True,True,True,True,False,,True,False,,True,True
CHEMBL000039,N#Cc1ccc(NC(=O)c2cc3cc(Cl)ccc3[nH]2)cc1,80.2986319392082,7.095291853803685,nM,TRIM22,Q8IYM9,CHEMBL203,TRIM22 kinase,295.05123962,3.945280000000002,2,2,68.68,2,3,3,21,0.7514579774465523,0.0,0,0,,True,True,True,True,True,True,True,True,True,True,False,,True,False,,True,True
CHEMBL000040,COc1cc2ncnc(Nc3ccc(F)c(Cl)c3)c2cc1OCCCN1CCOCC1,12.368018608711948,7.907699869993115,nM,TRIM22,Q8IYM9,CHEMBL203,TRIM22 kinase,446.15209652799996,4.275600000000003,7,1,68.74000000000001,8,4,3,31,0.517854527865434,0.36363636363636365,0,0,,True,True,True,True,True,True,True,True,True,True,False,,True,True,catechol,False,False
CHEMBL000041,COc1cc2c(Nc3cccc(Br)c3)ncnc2cc1OCC,87.68949686038894,7.057052421784956,nM,TRIM22,Q8IYM9,CHEMBL203,TRIM22 kinase,373.042588852,4.543200000000003,5,1,56.269999999999996,5,3,3,23,0.710549727643725,0.17647058823529413,0,0,,True,True,True,True,True,True,True,True,True,True,False,,True,True,catechol,False,False
CHEMBL000042,CN(C)c1cc2c(Nc3cccc(Br)c3)ncnc2cn1,236.30473478588746,6.626527576417639,nM,TRIM22,Q8IYM9,CHEMBL203,TRIM22 kinase,343.04325754800004,3.5969000000000015,5,1,53.94,3,3,3,21,0.7868681517234083,0.13333333333333333,0,0,,True,True,True,True,True,True,True,True,True,True,False,,True,False,,True,True
CHEMBL000043,Brc1cccc(Nc2ncnc3cc4ccccc4cc23)c1,448.3896128234963,6.348344456616067,nM,TRIM22,Q8IYM9,CHEMBL203,TRIM22 kinase,349.021459484,5.289100000000002,3,1,37.81,2,4,4,22,0.49938282866401273,0.0,0,1,LogP=5.29>5,True,True,True,True,True,True,True,True,True,True,False,,True,False,,True,True
CHEMBL000044,CCOc1cc2ncnc(Nc3ccc(F)c(Cl)c3)c2cc1OCC,26168.75044082132,4.582217014448859,nM,TRIM22,Q8IYM9,CHEMBL203,TRIM22 kinase,361.099332684,4.963300000000003,5,1,56.27000000000001,6,3,3,25,0.6718329180653437,0.2222222222222222,0,0,,True,True,True,True,True,True,True,True,True,True,False,,True,True,catechol,False,False
CHEMBL000045,Cc1cnc(Nc2cc(C(F)(F)F)cc(C3(N)CC3)c2)nc1,1904.4356936622726,5.720233687407937,nM,TRIM22,Q8IYM9,CHEMBL203,TRIM22 kinase,308.12488114000007,3.4952200000000015,4,2,63.83,3,3,2,22,0.9107210731688247,0.3333333333333333,0,0,,True,True,True,True,True,True,True,True,True,True,False,,True,False,,True,True
CHEMBL000046,O=C(Nc1ccc2c(c1)OCCO2)c1ccc(Cl)cc1,777.961592106613,6.109041843560319,nM,TRIM22,Q8IYM9,CHEMBL203,TRIM22 kinase,289.050570924,3.363500000000002,3,1,47.56,2,3,2,20,0.9219638403299357,0.13333333333333333,0,0,,True,True,True,True,True,True,True,True,True,True,False,,True,True,catechol,False,False
CHEMBL000047,CS(=O)(=O)c1ccc(-c2nc3ccccc3s2)cc1,4.114496153671486,8.385683339328374,nM,TRIM22,Q8IYM9,CHEMBL203,TRIM22 kinase,289.023120592,3.3668000000000022,4,0,47.03,2,3,3,19,0.7264218540215103,0.07142857142857142,0,0,,True,True,True,True,True,True,True,True,True,True,False,,True,False,,True,True
CHEMBL000048,CC1CCN(c2nc(Nc3ccc(F)c(Cl)c3)c3ncnc(N4CC4)c3n2)CC1,48.3696077640041,7.315427434352692,nM,TRIM22,Q8IYM9,CHEMBL203,TRIM22 kinase,413.1530995720001,4.012200000000003,7,1,69.84,4,5,3,29,0.6476963579880024,0.4,0,0,,True,True,True,True,True,True,True,True,True,True,False,,True,False,,True,True
CHEMBL000049,c1ccc2c(c1)nc(Nc1ccc(F)c(Cl)c1)nc2N1CCCC1,69913.36940854017,4.155439766955899,nM,TRIM22,Q8IYM9,CHEMBL203,TRIM22 kinase,342.104752412,4.7661000000000024,4,1,41.050000000000004,3,4,3,24,0.7442830304115482,0.2222222222222222,0,0,,True,True,True,True,True,True,True,True,True,True,False,,True,False,,True,True
CHEMBL000050,CC(=O)Nc1ccc(-c2ccc3ncnc(Nc4cccc(Br)c4)c3c2)cc1,51.74567373756257,7.286125954092192,nM,TRIM22,Q8IYM9,CHEMBL203,TRIM22 kinase,432.0585732640001,5.761300000000003,4,2,66.91,4,4,4,28,0.429491249943932,0.045454545454545456,0,1,LogP=5.76>5,True,True,True,True,True,True,True,True,True,True,False,,True,False,,True,True
CHEMBL000051,Brc1cccc(Nc2ncnc3cc4[nH]cnc4cc23)c1,599.2712191988792,6.222376579375525,nM,TRIM22,Q8IYM9,CHEMBL203,TRIM22 kinase,339.01195742000004,4.012200000000001,4,2,66.49000000000001,2,4,4,21,0.5785608229687814,0.0,0,0,,True,True,True,True,True,True,True,True,True,True,False,,True,False,,True,True
CHEMBL000052,CNc1cc2c(Nc3cccc(Br)c3)ncnc2cn1,1642.0372329541376,5.784616999541061,nM,TRIM22,Q8IYM9,CHEMBL203,TRIM22 kinase,329.02760748400004,3.572600000000002,5,2,62.730000000000004,3,3,3,20,0.7686164717854101,0.07142857142857142,0,0,,True,True,True,True,True,True,True,True,True,True,False,,True,False,,True,True
CHEMBL000053,O=C(c1ccc(Cl)cc1)N1CCN(c2ncnc3ccccc23)CC1,19.16397372486455,7.717514433261302,nM,TRIM22,Q8IYM9,CHEMBL203,TRIM22 kinase,352.109088844,3.2456000000000014,4,0,49.330000000000005,2,4,3,25,0.7100746986812095,0.21052631578947367,0,0,,True,True,True,True,True,True,True,True,True,True,False,,True,False,,True,True
CHEMBL000054,Cc1ccc(-c2cc(NC(=O)c3ccc(CN4CCN(C)CC4)cc3)c(C)n2-c2ccc(F)cc2)cc1,4.502987239383959,8.346499283743926,nM,TRIM22,Q8IYM9,CHEMBL203,TRIM22 kinase,496.26383989600004,5.899940000000006,3,1,40.510000000000005,6,5,4,37,0.3613676135606394,0.25806451612903225,0,1,LogP=5.90>5,True,False,True,True,True,True,True,True,True,False,True,pyrrole_B(29),False,False,,True,False
CHEMBL000055,COc1ccc(Nc2ncc3cc(-c4ccc(F)cc4)cc(=O)n3n2)cc1,6.354477134827414,8.196920178674297,nM,TRIM22,Q8IYM9,CHEMBL203,TRIM22 kinase,362.11790394,3.647800000000002,5,1,68.52,4,4,4,27,0.6001709199617381,0.05,0,0,,True,True,True,True,True,True,True,True,True,True,False,,True,False,,True,True
CHEMBL000056,O=C(/C=C/c1ccc(O)cc1)Nc1ccccc1,2876.2477029272054,5.5411737151660425,nM,TRIM22,Q8IYM9,CHEMBL203,TRIM22 kinase,239.094628656,3.0441000000000003,2,2,49.33,3,2,2,18,0.808653511215013,0.0,0,0,,True,True,True,True,True,True,True,True,True,True,False,,True,True,michael_acceptor;isolated_alkene,False,False
CHEMBL000057,Cc1ccc(S(=O)(=O)Nc2cccc(C(F)(F)F)c2)cc1,461.1248890886045,6.336181436223178,nM,TRIM22,Q8IYM9,CHEMBL203,TRIM22 kinase,315.054084284,3.8146200000000023,2,1,46.17,3,2,2,21,0.9358255532078548,0.14285714285714285,0,0,,True,True,True,True,True,True,True,True,True,True,False,,True,False,,True,True
CHEMBL000058,CC(Nc1nc2ccccc2s1)c1ccccc1,50.478315401881076,7.296895147105346,nM,TRIM22,Q8IYM9,CHEMBL203,TRIM22 kinase,254.087769448,4.469400000000003,3,1,24.92,3,3,3,18,0.7456020593403673,0.13333333333333333,1,0,,True,True,True,True,True,True,True,True,True,True,False,,True,False,,True,True
CHEMBL000059,N#Cc1ccc(NC(=O)c2cc3cc(Cl)ccc3[nH]2)cc1,5.453587798336639,8.26331769068354,nM,TRIM22,Q8IYM9,CHEMBL203,TRIM22 kinase,295.05123962,3.945280000000002,2,2,68.68,2,3,3,21,0.7514579774465523,0.0,0,0,,True,True,True,True,True,True,True,True,True,True,False,,True,False,,True,True
CHEMBL000060,COc1cc2ncnc(Nc3ccc(F)c(Cl)c3)c2cc1OCCCN1CCOCC1,829.3948928099239,6.081238643232065,nM,TRIM22,Q8IYM9,CHEMBL203,TRIM22 kinase,446.15209652799996,4.275600000000003,7,1,68.74000000000001,8,4,3,31,0.517854527865434,0.36363636363636365,0,0,,True,True,True,True,True,True,True,True,True,True,False,,True,True,catechol,False,False
CHEMBL000061,COc1cc2c(Nc3cccc(Br)c3)ncnc2cc1OCC,300.9459235584604,6.521511535004274,nM,TRIM22,Q8IYM9,CHEMBL203,TRIM22 kinase,373.042588852,4.543200000000003,5,1,56.269999999999996,5,3,3,23,0.710549727643725,0.17647058823529413,0,0,,True,True,True,True,True,True,True,True,True,True,False,,True,True,catechol,False,False
CHEMBL000062,CN(C)c1cc2c(Nc3cccc(Br)c3)ncnc2cn1,7236.065027171089,5.1404975389909575,nM,TRIM22,Q8IYM9,CHEMBL203,TRIM22 kinase,343.04325754800004,3.5969000000000015,5,1,53.94,3,3,3,21,0.7868681517234083,0.13333333333333333,0,0,,True,True,True,True,True,True,True,True,True,True,False,,True,False,,True,True
CHEMBL000063,Brc1cccc(Nc2ncnc3cc4ccccc4cc23)c1,9869.83599436287,5.005690063878994,nM,TRIM22,Q8IYM9,CHEMBL203,TRIM22 kinase,349.021459484,5.289100000000002,3,1,37.81,2,4,4,22,0.49938282866401273,0.0,0,1,LogP=5.29>5,True,True,True,True,True,True,True,True,True,True,False,,True,False,,True,True
CHEMBL000064,CCOc1cc2ncnc(Nc3ccc(F)c(Cl)c3)c2cc1OCC,9.57659820128541,8.018788733591297,nM,TRIM22,Q8IYM9,CHEMBL203,TRIM22 kinase,361.099332684,4.963300000000003,5,1,56.27000000000001,6,3,3,25,0.6718329180653437,0.2222222222222222,0,0,,True,True,True,True,True,True,True,True,True,True,False,,True,True,catechol,False,False
CHEMBL000065,Cc1cnc(Nc2cc(C(F)(F)F)cc(C3(N)CC3)c2)nc1,1.4643333623240213,8.834360042856234,nM,TRIM22,Q8IYM9,CHEMBL203,TRIM22 kinase,308.12488114000007,3.4952200000000015,4,2,63.83,3,3,2,22,0.9107210731688247,0.3333333333333333,0,0,,True,True,True,True,True,True,True,True,True,True,False,,True,False,,True,True
CHEMBL000066,O=C(Nc1ccc2c(c1)OCCO2)c1ccc(Cl)cc1,203.2428060737141,6.691984817629499,nM,TRIM22,Q8IYM9,CHEMBL203,TRIM22 kinase,289.050570924,3.363500000000002,3,1,47.56,2,3,2,20,0.9219638403299357,0.13333333333333333,0,0,,True,True,True,True,True,True,True,True,True,True,False,,True,True,catechol,False,False
CHEMBL000067,CS(=O)(=O)c1ccc(-c2nc3ccccc3s2)cc1,4.951088087414463,8.305299346838035,nM,TRIM22,Q8IYM9,CHEMBL203,TRIM22 kinase,289.023120592,3.3668000000000022,4,0,47.03,2,3,3,19,0.7264218540215103,0.07142857142857142,0,0,,True,True,True,True,True,True,True,True,True,True,False,,True,False,,True,True
CHEMBL000068,CC1CCN(c2nc(Nc3ccc(F)c(Cl)c3)c3ncnc(N4CC4)c3n2)CC1,45.451263682868,7.342454037571451,nM,TRIM22,Q8IYM9,CHEMBL203,TRIM22 kinase,413.1530995720001,4.012200000000003,7,1,69.84,4,5,3,29,0.6476963579880024,0.4,0,0,,True,True,True,True,True,True,True,True,True,True,False,,True,False,,True,True
CHEMBL000069,c1ccc2c(c1)nc(Nc1ccc(F)c(Cl)c1)nc2N1CCCC1,1471.2268151026472,5.832320368092313,nM,TRIM22,Q8IYM9,CHEMBL203,TRIM22 kinase,342.104752412,4.7661000000000024,4,1,41.050000000000004,3,4,3,24,0.7442830304115482,0.2222222222222222,0,0,,True,True,True,True,True,True,True,True,True,True,False,,True,False,,True,True
CHEMBL000070,CC(=O)Nc1ccc(-c2ccc3ncnc(Nc4cccc(Br)c4)c3c2)cc1,45.489021162586,7.34209340826262,nM,TRIM22,Q8IYM9,CHEMBL203,TRIM22 kinase,432.0585732640001,5.761300000000003,4,2,66.91,4,4,4,28,0.429491249943932,0.045454545454545456,0,1,LogP=5.76>5,True,True,True,True,True,True,True,True,True,True,False,,True,False,,True,True
CHEMBL000071,Brc1cccc(Nc2ncnc3cc4[nH]cnc4cc23)c1,0.7815290942791037,9.107054849698955,nM,TRIM22,Q8IYM9,CHEMBL203,TRIM22 kinase,339.01195742000004,4.012200000000001,4,2,66.49000000000001,2,4,4,21,0.5785608229687814,0.0,0,0,,True,True,True,True,True,True,True,True,True,True,False,,True,False,,True,True
CHEMBL000072,CNc1cc2c(Nc3cccc(Br)c3)ncnc2cn1,179.36556036392705,6.7462609413350725,nM,TRIM22,Q8IYM9,CHEMBL203,TRIM22 kinase,329.02760748400004,3.572600000000002,5,2,62.730000000000004,3,3,3,20,0.7686164717854101,0.07142857142857142,0,0,,True,True,True,True,True,True,True,True,True,True,False,,True,False,,True,True
CHEMBL000073,O=C(c1ccc(Cl)cc1)N1CCN(c2ncnc3ccccc23)CC1,0.712909687562617,9.14696548372101,nM,TRIM22,Q8IYM9,CHEMBL203,TRIM22 kinase,352.109088844,3.2456000000000014,4,0,49.330000000000005,2,4,3,25,0.7100746986812095,0.21052631578947367,0,0,,True,True,True,True,True,True,True,True,True,True,False,,True,False,,True,True
CHEMBL000074,Cc1ccc(-c2cc(NC(=O)c3ccc(CN4CCN(C)CC4)cc3)c(C)n2-c2ccc(F)cc2)cc1,1000000.0,3.0,nM,TRIM22,Q8IYM9,CHEMBL203,TRIM22 kinase,496.26383989600004,5.899940000000006,3,1,40.510000000000005,6,5,4,37,0.3613676135606394,0.25806451612903225,0,1,LogP=5.90>5,True,False,True,True,True,True,True,True,True,False,True,pyrrole_B(29),False,False,,True,False
CHEMBL000075,COc1ccc(Nc2ncc3cc(-c4ccc(F)cc4)cc(=O)n3n2)cc1,9.271419747154777,8.032853756562835,nM,TRIM22,Q8IYM9,CHEMBL203,TRIM22 kinase,362.11790394,3.647800000000002,5,1,68.52,4,4,4,27,0.6001709199617381,0.05,0,0,,True,True,True,True,True,True,True,True,True,True,False,,True,False,,True,True
CHEMBL000076,O=C(/C=C/c1ccc(O)cc1)Nc1ccccc1,117.33549170992363,6.930570602357257,nM,TRIM22,Q8IYM9,CHEMBL203,TRIM22 kinase,239.094628656,3.0441000000000003,2,2,49.33,3,2,2,18,0.808653511215013,0.0,0,0,,True,True,True,True,True,True,True,True,True,True,False,,True,True,michael_acceptor;isolated_alkene,False,False
CHEMBL000077,Cc1ccc(S(=O)(=O)Nc2cccc(C(F)(F)F)c2)cc1,445.1547641920654,6.351488974301199,nM,TRIM22,Q8IYM9,CHEMBL203,TRIM22 kinase,315.054084284,3.8146200000000023,2,1,46.17,3,2,2,21,0.9358255532078548,0.14285714285714285,0,0,,True,True,True,True,True,True,True,True,True,True,False,,True,False,,True,True
CHEMBL000078,CC(Nc1nc2ccccc2s1)c1ccccc1,115.44066907636112,6.937641164803253,nM,TRIM22,Q8IYM9,CHEMBL203,TRIM22 kinase,254.087769448,4.469400000000003,3,1,24.92,3,3,3,18,0.7456020593403673,0.13333333333333333,1,0,,True,True,True,True,True,True,True,True,True,True,False,,True,False,,True,True
CHEMBL000079,N#Cc1ccc(NC(=O)c2cc3cc(Cl)ccc3[nH]2)cc1,151828.52464442267,3.8186466280986604,nM,TRIM22,Q8IYM9,CHEMBL203,TRIM22 kinase,295.05123962,3.945280000000002,2,2,68.68,2,3,3,21,0.7514579774465523,0.0,0,0,,True,True,True,True,True,True,True,True,True,True,False,,True,False,,True,True
CHEMBL000080,COc1cc2ncnc(Nc3ccc(F)c(Cl)c3)c2cc1OCCCN1CCOCC1,338.4603753637656,6.470492168243732,nM,TRIM22,Q8IYM9,CHEMBL203,TRIM22 kinase,446.15209652799996,4.275600000000003,7,1,68.74000000000001,8,4,3,31,0.517854527865434,0.36363636363636365,0,0,,True,True,True,True,True,True,True,True,True,True,False,,True,True,catechol,False,False
CHEMBL000081,COc1cc2c(Nc3cccc(Br)c3)ncnc2cc1OCC,46.16694561122026,7.33566885726762,nM,TRIM22,Q8IYM9,CHEMBL203,TRIM22 kinase,373.042588852,4.543200000000003,5,1,56.269999999999996,5,3,3,23,0.710549727643725,0.17647058823529413,0,0,,True,True,True,True,True,True,True,True,True,True,False,,True,True,catechol,False,False
CHEMBL000082,CN(C)c1cc2c(Nc3cccc(Br)c3)ncnc2cn1,0.9619642510449702,9.016841067112274,nM,TRIM22,Q8IYM9,CHEMBL203,TRIM22 kinase,343.04325754800004,3.5969000000000015,5,1,53.94,3,3,3,21,0.7868681517234083,0.13333333333333333,0,0,,True,True,True,True,True,True,True,True,True,True,False,,True,False,,True,True
CHEMBL000083,Brc1cccc(Nc2ncnc3cc4ccccc4cc23)c1,949.3040362505361,6.022594672589529,nM,TRIM22,Q8IYM9,CHEMBL203,TRIM22 kinase,349.021459484,5.289100000000002,3,1,37.81,2,4,4,22,0.49938282866401273,0.0,0,1,LogP=5.29>5,True,True,True,True,True,True,True,True,True,True,False,,True,False,,True,True
CHEMBL000084,CCOc1cc2ncnc(Nc3ccc(F)c(Cl)c3)c2cc1OCC,2586.6662962097207,5.5872595956602185,nM,TRIM22,Q8IYM9,CHEMBL203,TRIM22 kinase,361.099332684,4.963300000000003,5,1,56.27000000000001,6,3,3,25,0.6718329180653437,0.2222222222222222,0,0,,True,True,True,True,True,True,True,True,True,True,False,,True,True,catechol,False,False
CHEMBL000085,Cc1cnc(Nc2cc(C(F)(F)F)cc(C3(N)CC3)c2)nc1,896.6760404267649,6.047364434623195,nM,TRIM22,Q8IYM9,CHEMBL203,TRIM22 kinase,308.12488114000007,3.4952200000000015,4,2,63.83,3,3,2,22,0.9107210731688247,0.3333333333333333,0,0,,True,True,True,True,True,True,True,True,True,True,False,,True,False,,True,True
CHEMBL000086,O=C(Nc1ccc2c(c1)OCCO2)c1ccc(Cl)cc1,6.712693586444691,8.173103176553111,nM,TRIM22,Q8IYM9,CHEMBL203,TRIM22 kinase,289.050570924,3.363500000000002,3,1,47.56,2,3,2,20,0.9219638403299357,0.13333333333333333,0,0,,True,True,True,True,True,True,True,True,True,True,False,,True,True,catechol,False,False
CHEMBL000087,CS(=O)(=O)c1ccc(-c2nc3ccccc3s2)cc1,50.918234343267955,7.2931266644895265,nM,TRIM22,Q8IYM9,CHEMBL203,TRIM22 kinase,289.023120592,3.3668000000000022,4,0,47.03,2,3,3,19,0.7264218540215103,0.07142857142857142,0,0,,True,True,True,True,True,True,True,True,True,True,False,,True,False,,True,True
CHEMBL000088,CC1CCN(c2nc(Nc3ccc(F)c(Cl)c3)c3ncnc(N4CC4)c3n2)CC1,987.7346874044138,6.005359694349441,nM,TRIM22,Q8IYM9,CHEMBL203,TRIM22 kinase,413.1530995720001,4.012200000000003,7,1,69.84,4,5,3,29,0.6476963579880024,0.4,0,0,,True,True,True,True,True,True,True,True,True,True,False,,True,False,,True,True
CHEMBL000089,c1ccc2c(c1)nc(Nc1ccc(F)c(Cl)c1)nc2N1CCCC1,26.921474973777794,7.569901149670034,nM,TRIM22,Q8IYM9,CHEMBL203,TRIM22 kinase,342.104752412,4.7661000000000024,4,1,41.050000000000004,3,4,3,24,0.7442830304115482,0.2222222222222222,0,0,,True,True,True,True,True,True,True,True,True,True,False,,True,False,,True,True
CHEMBL000090,CC(=O)Nc1ccc(-c2ccc3ncnc(Nc4cccc(Br)c4)c3c2)cc1,113.34012205088406,6.94561632402206,nM,TRIM22,Q8IYM9,CHEMBL203,TRIM22 kinase,432.0585732640001,5.761300000000003,4,2,66.91,4,4,4,28,0.429491249943932,0.045454545454545456,0,1,LogP=5.76>5,True,True,True,True,True,True,True,True,True,True,False,,True,False,,True,True
CHEMBL000091,Brc1cccc(Nc2ncnc3cc4[nH]cnc4cc23)c1,5.5851200713020575,8.252967485799333,nM,TRIM22,Q8IYM9,CHEMBL203,TRIM22 kinase,339.01195742000004,4.012200000000001,4,2,66.49000000000001,2,4,4,21,0.5785608229687814,0.0,0,0,,True,True,True,True,True,True,True,True,True,True,False,,True,False,,True,True
CHEMBL000092,CNc1cc2c(Nc3cccc(Br)c3)ncnc2cn1,1790.9342450087183,5.746920359183971,nM,TRIM22,Q8IYM9,CHEMBL203,TRIM22 kinase,329.02760748400004,3.572600000000002,5,2,62.730000000000004,3,3,3,20,0.7686164717854101,0.07142857142857142,0,0,,True,True,True,True,True,True,True,True,True,True,False,,True,False,,True,True
CHEMBL000093,O=C(c1ccc(Cl)cc1)N1CCN(c2ncnc3ccccc23)CC1,491.4657074922953,6.308506780103348,nM,TRIM22,Q8IYM9,CHEMBL203,TRIM22 kinase,352.109088844,3.2456000000000014,4,0,49.330000000000005,2,4,3,25,0.7100746986812095,0.21052631578947367,0,0,,True,True,True,True,True,True,True,True,True,True,False,,True,False,,True,True
CHEMBL000094,Cc1ccc(-c2cc(NC(=O)c3ccc(CN4CCN(C)CC4)cc3)c(C)n2-c2ccc(F)cc2)cc1,613.9913173676975,6.211837770301763,nM,TRIM22,Q8IYM9,CHEMBL203,TRIM22 kinase,496.26383989600004,5.899940000000006,3,1,40.510000000000005,6,5,4,37,0.3613676135606394,0.25806451612903225,0,1,LogP=5.90>5,True,False,True,True,True,True,True,True,True,False,True,pyrrole_B(29),False,False,,True,False
CHEMBL000095,COc1ccc(Nc2ncc3cc(-c4ccc(F)cc4)cc(=O)n3n2)cc1,24846.912019672578,4.604727577801822,nM,TRIM22,Q8IYM9,CHEMBL203,TRIM22 kinase,362.11790394,3.647800000000002,5,1,68.52,4,4,4,27,0.6001709199617381,0.05,0,0,,True,True,True,True,True,True,True,True,True,True,False,,True,False,,True,True
CHEMBL000096,O=C(/C=C/c1ccc(O)cc1)Nc1ccccc1,56.992746253939714,7.244180415596864,nM,TRIM22,Q8IYM9,CHEMBL203,TRIM22 kinase,239.094628656,3.0441000000000003,2,2,49.33,3,2,2,18,0.808653511215013,0.0,0,0,,True,True,True,True,True,True,True,True,True,True,False,,True,True,michael_acceptor;isolated_alkene,False,False
CHEMBL000097,Cc1ccc(S(=O)(=O)Nc2cccc(C(F)(F)F)c2)cc1,64.33052441454748,7.191582908269834,nM,TRIM22,Q8IYM9,CHEMBL203,TRIM22 kinase,315.054084284,3.8146200000000023,2,1,46.17,3,2,2,21,0.9358255532078548,0.14285714285714285,0,0,,True,True,True,True,True,True,True,True,True,True,False,,True,False,,True,True
CHEMBL000098,CC(Nc1nc2ccccc2s1)c1ccccc1,155.71477230056348,6.807670184963691,nM,TRIM22,Q8IYM9,CHEMBL203,TRIM22 kinase,254.087769448,4.469400000000003,3,1,24.92,3,3,3,18,0.7456020593403673,0.13333333333333333,1,0,,True,True,True,True,True,True,True,True,True,True,False,,True,False,,True,True
CHEMBL000099,N#Cc1ccc(NC(=O)c2cc3cc(Cl)ccc3[nH]2)cc1,356.35323036863923,6.44811929993728,nM,TRIM22,Q8IYM9,CHEMBL203,TRIM22 kinase,295.05123962,3.945280000000002,2,2,68.68,2,3,3,21,0.7514579774465523,0.0,0,0,,True,True,True,True,True,True,True,True,True,True,False,,True,False,,True,True
CHEMBL000100,COc1cc2ncnc(Nc3ccc(F)c(Cl)c3)c2cc1OCCCN1CCOCC1,21040.502762972803,4.676943886924379,nM,TRIM22,Q8IYM9,CHEMBL203,TRIM22 kinase,446.15209652799996,4.275600000000003,7,1,68.74000000000001,8,4,3,31,0.517854527865434,0.36363636363636365,0,0,,True,True,True,True,True,True,True,True,True,True,False,,True,True,catechol,False,False
CHEMBL000101,COc1cc2c(Nc3cccc(Br)c3)ncnc2cc1OCC,677.5915542462304,6.169032015851961,nM,TRIM22,Q8IYM9,CHEMBL203,TRIM22 kinase,373.042588852,4.543200000000003,5,1,56.269999999999996,5,3,3,23,0.710549727643725,0.17647058823529413,0,0,,True,True,True,True,True,True,True,True,True,True,False,,True,True,catechol,False,False
CHEMBL000102,CN(C)c1cc2c(Nc3cccc(Br)c3)ncnc2cn1,517.6923826388695,6.285928225209846,nM,TRIM22,Q8IYM9,CHEMBL203,TRIM22 kinase,343.04325754800004,3.5969000000000015,5,1,53.94,3,3,3,21,0.7868681517234083,0.13333333333333333,0,0,,True,True,True,True,True,True,True,True,True,True,False,,True,False,,True,True
CHEMBL000103,Brc1cccc(Nc2ncnc3cc4ccccc4cc23)c1,2531.7213488815983,5.596584096167572,nM,TRIM22,Q8IYM9,CHEMBL203,TRIM22 kinase,349.021459484,5.289100000000002,3,1,37.81,2,4,4,22,0.49938282866401273,0.0,0,1,LogP=5.29>5,True,True,True,True,True,True,True,True,True,True,False,,True,False,,True,True
CHEMBL000104,CCOc1cc2ncnc(Nc3ccc(F)c(Cl)c3)c2cc1OCC,276.6486577902485,6.558071432500986,nM,TRIM22,Q8IYM9,CHEMBL203,TRIM22 kinase,361.099332684,4.963300000000003,5,1,56.27000000000001,6,3,3,25,0.6718329180653437,0.2222222222222222,0,0,,True,True,True,True,True,True,True,True,True,True,False,,True,True,catechol,False,False
CHEMBL000105,Cc1cnc(Nc2cc(C(F)(F)F)cc(C3(N)CC3)c2)nc1,39.25759721115091,7.406076285221808,nM,TRIM22,Q8IYM9,CHEMBL203,TRIM22 kinase,308.12488114000007,3.4952200000000015,4,2,63.83,3,3,2,22,0.9107210731688247,0.3333333333333333,0,0,,True,True,True,True,True,True,True,True,True,True,False,,True,False,,True,True
CHEMBL000106,O=C(Nc1ccc2c(c1)OCCO2)c1ccc(Cl)cc1,0.23481246527604577,9.629278851815794,nM,TRIM22,Q8IYM9,CHEMBL203,TRIM22 kinase,289.050570924,3.363500000000002,3,1,47.56,2,3,2,20,0.9219638403299357,0.13333333333333333,0,0,,True,True,True,True,True,True,True,True,True,True,False,,True,True,catechol,False,False
CHEMBL000107,CS(=O)(=O)c1ccc(-c2nc3ccccc3s2)cc1,86.72279787553262,7.061866719247758,nM,TRIM22,Q8IYM9,CHEMBL203,TRIM22 kinase,289.023120592,3.3668000000000022,4,0,47.03,2,3,3,19,0.7264218540215103,0.07142857142857142,0,0,,True,True,True,True,True,True,True,True,True,True,False,,True,False,,True,True
CHEMBL000108,CC1CCN(c2nc(Nc3ccc(F)c(Cl)c3)c3ncnc(N4CC4)c3n2)CC1,65.11400580622463,7.186325586084147,nM,TRIM22,Q8IYM9,CHEMBL203,TRIM22 kinase,413.1530995720001,4.012200000000003,7,1,69.84,4,5,3,29,0.6476963579880024,0.4,0,0,,True,True,True,True,True,True,True,True,True,True,False,,True,False,,True,True
CHEMBL000109,c1ccc2c(c1)nc(Nc1ccc(F)c(Cl)c1)nc2N1CCCC1,204.95988732422953,6.688331126350749,nM,TRIM22,Q8IYM9,CHEMBL203,TRIM22 kinase,342.104752412,4.7661000000000024,4,1,41.050000000000004,3,4,3,24,0.7442830304115482,0.2222222222222222,0,0,,True,True,True,True,True,True,True,True,True,True,False,,True,False,,True,True
CHEMBL000110,CC(=O)Nc1ccc(-c2ccc3ncnc(Nc4cccc(Br)c4)c3c2)cc1,119717.27501713652,3.9218431770514375,nM,TRIM22,Q8IYM9,CHEMBL203,TRIM22 kinase,432.0585732640001,5.761300000000003,4,2,66.91,4,4,4,28,0.429491249943932,0.045454545454545456,0,1,LogP=5.76>5,True,True,True,True,True,True,True,True,True,True,False,,True,False,,True,True
CHEMBL000111,Brc1cccc(Nc2ncnc3cc4[nH]cnc4cc23)c1,173.6883994664051,6.760229186826175,nM,TRIM22,Q8IYM9,CHEMBL203,TRIM22 kinase,339.01195742000004,4.012200000000001,4,2,66.49000000000001,2,4,4,21,0.5785608229687814,0.0,0,0,,True,True,True,True,True,True,True,True,True,True,False,,True,False,,True,True
CHEMBL000112,CNc1cc2c(Nc3cccc(Br)c3)ncnc2cn1,128.7225649730807,6.8903453149115395,nM,TRIM22,Q8IYM9,CHEMBL203,TRIM22 kinase,329.02760748400004,3.572600000000002,5,2,62.730000000000004,3,3,3,20,0.7686164717854101,0.07142857142857142,0,0,,True,True,True,True,True,True,True,True,True,True,False,,True,False,,True,True
CHEMBL000113,O=C(c1ccc(Cl)cc1)N1CCN(c2ncnc3ccccc23)CC1,0.03199903130437884,10.494863168727928,nM,TRIM22,Q8IYM9,CHEMBL203,TRIM22 kinase,352.109088844,3.2456000000000014,4,0,49.330000000000005,2,4,3,25,0.7100746986812095,0.21052631578947367,0,0,,True,True,True,True,True,True,True,True,True,True,False,,True,False,,True,True
CHEMBL000114,Cc1ccc(-c2cc(NC(=O)c3ccc(CN4CCN(C)CC4)cc3)c(C)n2-c2ccc(F)cc2)cc1,307.9934262973396,6.511458552828316,nM,TRIM22,Q8IYM9,CHEMBL203,TRIM22 kinase,496.26383989600004,5.899940000000006,3,1,40.510000000000005,6,5,4,37,0.3613676135606394,0.25806451612903225,0,1,LogP=5.90>5,True,False,True,True,True,True,True,True,True,False,True,pyrrole_B(29),False,False,,True,False
CHEMBL000115,COc1ccc(Nc2ncc3cc(-c4ccc(F)cc4)cc(=O)n3n2)cc1,55.934400343879446,7.252321013500419,nM,TRIM22,Q8IYM9,CHEMBL203,TRIM22 kinase,362.11790394,3.647800000000002,5,1,68.52,4,4,4,27,0.6001709199617381,0.05,0,0,,True,True,True,True,True,True,True,True,True,True,False,,True,False,,True,True
CHEMBL000116,O=C(/C=C/c1ccc(O)cc1)Nc1ccccc1,178.67658962368608,6.747932345442135,nM,TRIM22,Q8IYM9,CHEMBL203,TRIM22 kinase,239.094628656,3.0441000000000003,2,2,49.33,3,2,2,18,0.808653511215013,0.0,0,0,,True,True,True,True,True,True,True,True,True,True,False,,True,True,michael_acceptor;isolated_alkene,False,False
CHEMBL000117,Cc1ccc(S(=O)(=O)Nc2cccc(C(F)(F)F)c2)cc1,8974.640407035122,5.046982943570702,nM,TRIM22,Q8IYM9,CHEMBL203,TRIM22 kinase,315.054084284,3.8146200000000023,2,1,46.17,3,2,2,21,0.9358255532078548,0.14285714285714285,0,0,,True,True,True,True,True,True,True,True,True,True,False,,True,False,,True,True
CHEMBL000118,CC(Nc1nc2ccccc2s1)c1ccccc1,3.0603125143842185,8.514234221772531,nM,TRIM22,Q8IYM9,CHEMBL203,TRIM22 kinase,254.087769448,4.469400000000003,3,1,24.92,3,3,3,18,0.7456020593403673,0.13333333333333333,1,0,,True,True,True,True,True,True,True,True,True,True,False,,True,False,,True,True
CHEMBL000119,N#Cc1ccc(NC(=O)c2cc3cc(Cl)ccc3[nH]2)cc1,11.805936717375067,7.927899549030161,nM,TRIM22,Q8IYM9,CHEMBL203,TRIM22 kinase,295.05123962,3.945280000000002,2,2,68.68,2,3,3,21,0.7514579774465523,0.0,0,0,,True,True,True,True,True,True,True,True,True,True,False,,True,False,,True,True
CHEMBL000120,COc1cc2ncnc(Nc3ccc(F)c(Cl)c3)c2cc1OCCCN1CCOCC1,10.31459260730678,7.98654792056457,nM,TRIM22,Q8IYM9,CHEMBL203,TRIM22 kinase,446.15209652799996,4.275600000000003,7,1,68.74000000000001,8,4,3,31,0.517854527865434,0.36363636363636365,0,0,,True,True,True,True,True,True,True,True,True,True,False,,True,True,catechol,False,False
CHEMBL000121,COc1cc2c(Nc3cccc(Br)c3)ncnc2cc1OCC,3665.0607882505283,5.435918817807892,nM,TRIM22,Q8IYM9,CHEMBL203,TRIM22 kinase,373.042588852,4.543200000000003,5,1,56.269999999999996,5,3,3,23,0.710549727643725,0.17647058823529413,0,0,,True,True,True,True,True,True,True,True,True,True,False,,True,True,catechol,False,False
CHEMBL000122,CN(C)c1cc2c(Nc3cccc(Br)c3)ncnc2cn1,1.2468337043625792,8.904191466404148,nM,TRIM22,Q8IYM9,CHEMBL203,TRIM22 kinase,343.04325754800004,3.5969000000000015,5,1,53.94,3,3,3,21,0.7868681517234083,0.13333333333333333,0,0,,True,True,True,True,True,True,True,True,True,True,False,,True,False,,True,True
CHEMBL000123,Brc1cccc(Nc2ncnc3cc4ccccc4cc23)c1,20080.59579160086,4.697223405811578,nM,TRIM22,Q8IYM9,CHEMBL203,TRIM22 kinase,349.021459484,5.289100000000002,3,1,37.81,2,4,4,22,0.49938282866401273,0.0,0,1,LogP=5.29>5,True,True,True,True,True,True,True,True,True,True,False,,True,False,,True,True
CHEMBL000124,CCOc1cc2ncnc(Nc3ccc(F)c(Cl)c3)c2cc1OCC,20.879224274782725,7.680285640700405,nM,TRIM22,Q8IYM9,CHEMBL203,TRIM22 kinase,361.099332684,4.963300000000003,5,1,56.27000000000001,6,3,3,25,0.6718329180653437,0.2222222222222222,0,0,,True,True,True,True,True,True,True,True,True,True,False,,True,True,catechol,False,False
CHEMBL000125,Cc1cnc(Nc2cc(C(F)(F)F)cc(C3(N)CC3)c2)nc1,0.08209497241793558,10.085683438714968,nM,TRIM22,Q8IYM9,CHEMBL203,TRIM22 kinase,308.12488114000007,3.4952200000000015,4,2,63.83,3,3,2,22,0.9107210731688247,0.3333333333333333,0,0,,True,True,True,True,True,True,True,True,True,True,False,,True,False,,True,True
CHEMBL000126,O=C(Nc1ccc2c(c1)OCCO2)c1ccc(Cl)cc1,4850.700803496996,5.314195512303967,nM,TRIM22,Q8IYM9,CHEMBL203,TRIM22 kinase,289.050570924,3.363500000000002,3,1,47.56,2,3,2,20,0.9219638403299357,0.13333333333333333,0,0,,True,True,True,True,True,True,True,True,True,True,False,,True,True,catechol,False,False
CHEMBL000127,CS(=O)(=O)c1ccc(-c2nc3ccccc3s2)cc1,1120.5896177174345,5.9505534055958424,nM,TRIM22,Q8IYM9,CHEMBL203,TRIM22 kinase,289.023120592,3.3668000000000022,4,0,47.03,2,3,3,19,0.7264218540215103,0.07142857142857142,0,0,,True,True,True,True,True,True,True,True,True,True,False,,True,False,,True,True
CHEMBL000128,CC1CCN(c2nc(Nc3ccc(F)c(Cl)c3)c3ncnc(N4CC4)c3n2)CC1,112.33703379825793,6.949477047631461,nM,TRIM22,Q8IYM9,CHEMBL203,TRIM22 kinase,413.1530995720001,4.012200000000003,7,1,69.84,4,5,3,29,0.6476963579880024,0.4,0,0,,True,True,True,True,True,True,True,True,True,True,False,,True,False,,True,True
CHEMBL000129,c1ccc2c(c1)nc(Nc1ccc(F)c(Cl)c1)nc2N1CCCC1,902.0144215658183,6.044786518825701,nM,TRIM22,Q8IYM9,CHEMBL203,TRIM22 kinase,342.104752412,4.7661000000000024,4,1,41.050000000000004,3,4,3,24,0.7442830304115482,0.2222222222222222,0,0,,True,True,True,True,True,True,True,True,True,True,False,,True,False,,True,True
CHEMBL000130,CC(=O)Nc1ccc(-c2ccc3ncnc(Nc4cccc(Br)c4)c3c2)cc1,33573.38622724169,4.474004853400801,nM,TRIM22,Q8IYM9,CHEMBL203,TRIM22 kinase,432.0585732640001,5.761300000000003,4,2,66.91,4,4,4,28,0.429491249943932,0.045454545454545456,0,1,LogP=5.76>5,True,True,True,True,True,True,True,True,True,True,False,,True,False,,True,True
CHEMBL000131,Brc1cccc(Nc2ncnc3cc4[nH]cnc4cc23)c1,125.07068769260168,6.902844462209041,nM,TRIM22,Q8IYM9,CHEMBL203,TRIM22 kinase,339.01195742000004,4.012200000000001,4,2,66.49000000000001,2,4,4,21,0.5785608229687814,0.0,0,0,,True,True,True,True,True,True,True,True,True,True,False,,True,False,,True,True
CHEMBL000132,CNc1cc2c(Nc3cccc(Br)c3)ncnc2cn1,6215.206613831567,5.206544429410842,nM,TRIM22,Q8IYM9,CHEMBL203,TRIM22 kinase,329.02760748400004,3.572600000000002,5,2,62.730000000000004,3,3,3,20,0.7686164717854101,0.07142857142857142,0,0,,True,True,True,True,True,True,True,True,True,True,False,,True,False,,True,True
CHEMBL000133,O=C(c1ccc(Cl)cc1)N1CCN(c2ncnc3ccccc23)CC1,30.87531193897746,7.510388645952772,nM,TRIM22,Q8IYM9,CHEMBL203,TRIM22 kinase,352.109088844,3.2456000000000014,4,0,49.330000000000005,2,4,3,25,0.7100746986812095,0.21052631578947367,0,0,,True,True,True,True,True,True,True,True,True,True,False,,True,False,,True,True
CHEMBL000134,Cc1ccc(-c2cc(NC(=O)c3ccc(CN4CCN(C)CC4)cc3)c(C)n2-c2ccc(F)cc2)cc1,3794.34093625961,5.420863648649295,nM,TRIM22,Q8IYM9,CHEMBL203,TRIM22 kinase,496.26383989600004,5.899940000000006,3,1,40.510000000000005,6,5,4,37,0.3613676135606394,0.25806451612903225,0,1,LogP=5.90>5,True,False,True,True,True,True,True,True,True,False,True,pyrrole_B(29),False,False,,True,False
CHEMBL000135,COc1ccc(Nc2ncc3cc(-c4ccc(F)cc4)cc(=O)n3n2)cc1,0.7500641223939983,9.124901607526308,nM,TRIM22,Q8IYM9,CHEMBL203,TRIM22 kinase,362.11790394,3.647800000000002,5,1,68.52,4,4,4,27,0.6001709199617381,0.05,0,0,,True,True,True,True,True,True,True,True,True,True,False,,True,False,,True,True
CHEMBL000136,O=C(/C=C/c1ccc(O)cc1)Nc1ccccc1,2370.718225716755,5.625120061495644,nM,TRIM22,Q8IYM9,CHEMBL203,TRIM22 kinase,239.094628656,3.0441000000000003,2,2,49.33,3,2,2,18,0.808653511215013,0.0,0,0,,True,True,True,True,True,True,True,True,True,True,False,,True,True,michael_acceptor;isolated_alkene,False,False
CHEMBL000137,Cc1ccc(S(=O)(=O)Nc2cccc(C(F)(F)F)c2)cc1,482.0502076864116,6.316907725691486,nM,TRIM22,Q8IYM9,CHEMBL203,TRIM22 kinase,315.054084284,3.8146200000000023,2,1,46.17,3,2,2,21,0.9358255532078548,0.14285714285714285,0,0,,True,True,True,True,True,True,True,True,True,True,False,,True,False,,True,True
CHEMBL000138,CC(Nc1nc2ccccc2s1)c1ccccc1,9.54386250418231,8.020275826054505,nM,TRIM22,Q8IYM9,CHEMBL203,TRIM22 kinase,254.087769448,4.469400000000003,3,1,24.92,3,3,3,18,0.7456020593403673,0.13333333333333333,1,0,,True,True,True,True,True,True,True,True,True,True,False,,True,False,,True,True
CHEMBL000139,N#Cc1ccc(NC(=O)c2cc3cc(Cl)ccc3[nH]2)cc1,11124.909190679757,4.953703525349066,nM,TRIM22,Q8IYM9,CHEMBL203,TRIM22 kinase,295.05123962,3.945280000000002,2,2,68.68,2,3,3,21,0.7514579774465523,0.0,0,0,,True,True,True,True,True,True,True,True,True,True,False,,True,False,,True,True
CHEMBL000140,COc1cc2ncnc(Nc3ccc(F)c(Cl)c3)c2cc1OCCCN1CCOCC1,72.2453830535435,7.141189901906194,nM,TRIM22,Q8IYM9,CHEMBL203,TRIM22 kinase,446.15209652799996,4.275600000000003,7,1,68.74000000000001,8,4,3,31,0.517854527865434,0.36363636363636365,0,0,,True,True,True,True,True,True,True,True,True,True,False,,True,True,catechol,False,False
CHEMBL000141,COc1cc2c(Nc3cccc(Br)c3)ncnc2cc1OCC,1.7349456269049335,8.760714131423642,nM,TRIM22,Q8IYM9,CHEMBL203,TRIM22 kinase,373.042588852,4.543200000000003,5,1,56.269999999999996,5,3,3,23,0.710549727643725,0.17647058823529413,0,0,,True,True,True,True,True,True,True,True,True,True,False,,True,True,catechol,False,False
CHEMBL000142,CN(C)c1cc2c(Nc3cccc(Br)c3)ncnc2cn1,40853.08445511055,4.3887751481581585,nM,TRIM22,Q8IYM9,CHEMBL203,TRIM22 kinase,343.04325754800004,3.5969000000000015,5,1,53.94,3,3,3,21,0.7868681517234083,0.13333333333333333,0,0,,True,True,True,True,True,True,True,True,True,True,False,,True,False,,True,True
CHEMBL000143,Brc1cccc(Nc2ncnc3cc4ccccc4cc23)c1,83.76241923706817,7.076950787798456,nM,TRIM22,Q8IYM9,CHEMBL203,TRIM22 kinase,349.021459484,5.289100000000002,3,1,37.81,2,4,4,22,0.49938282866401273,0.0,0,1,LogP=5.29>5,True,True,True,True,True,True,True,True,True,True,False,,True,False,,True,True
CHEMBL000144,CCOc1cc2ncnc(Nc3ccc(F)c(Cl)c3)c2cc1OCC,64.59156520256171,7.189824191372635,nM,TRIM22,Q8IYM9,CHEMBL203,TRIM22 kinase,361.099332684,4.963300000000003,5,1,56.27000000000001,6,3,3,25,0.6718329180653437,0.2222222222222222,0,0,,True,True,True,True,True,True,True,True,True,True,False,,True,True,catechol,False,False
CHEMBL000145,Cc1cnc(Nc2cc(C(F)(F)F)cc(C3(N)CC3)c2)nc1,10.647942379778947,7.972734307665966,nM,TRIM22,Q8IYM9,CHEMBL203,TRIM22 kinase,308.12488114000007,3.4952200000000015,4,2,63.83,3,3,2,22,0.9107210731688247,0.3333333333333333,0,0,,True,True,True,True,True,True,True,True,True,True,False,,True,False,,True,True
CHEMBL000146,O=C(Nc1ccc2c(c1)OCCO2)c1ccc(Cl)cc1,11361.248689006234,4.944573933682877,nM,TRIM22,Q8IYM9,CHEMBL203,TRIM22 kinase,289.050570924,3.363500000000002,3,1,47.56,2,3,2,20,0.9219638403299357,0.13333333333333333,0,0,,True,True,True,True,True,True,True,True,True,True,False,,True,True,catechol,False,False
CHEMBL000147,CS(=O)(=O)c1ccc(-c2nc3ccccc3s2)cc1,15159.501475241885,4.819315080373586,nM,TRIM22,Q8IYM9,CHEMBL203,TRIM22 kinase,289.023120592,3.3668000000000022,4,0,47.03,2,3,3,19,0.7264218540215103,0.07142857142857142,0,0,,True,True,True,True,True,True,True,True,True,True,False,,True,False,,True,True
CHEMBL000148,CC1CCN(c2nc(Nc3ccc(F)c(Cl)c3)c3ncnc(N4CC4)c3n2)CC1,26.126886076156655,7.582912348425346,nM,TRIM22,Q8IYM9,CHEMBL203,TRIM22 kinase,413.1530995720001,4.012200000000003,7,1,69.84,4,5,3,29,0.6476963579880024,0.4,0,0,,True,True,True,True,True,True,True,True,True,True,False,,True,False,,True,True
CHEMBL000149,c1ccc2c(c1)nc(Nc1ccc(F)c(Cl)c1)nc2N1CCCC1,56.8228470947702,7.245477009849779,nM,TRIM22,Q8IYM9,CHEMBL203,TRIM22 kinase,342.104752412,4.7661000000000024,4,1,41.050000000000004,3,4,3,24,0.7442830304115482,0.2222222222222222,0,0,,True,True,True,True,True,True,True,True,True,True,False,,True,False,,True,True
CHEMBL000150,CC(=O)Nc1ccc(-c2ccc3ncnc(Nc4cccc(Br)c4)c3c2)cc1,66.72072003774545,7.175739275518815,nM,TRIM22,Q8IYM9,CHEMBL203,TRIM22 kinase,432.0585732640001,5.761300000000003,4,2,66.91,4,4,4,28,0.429491249943932,0.045454545454545456,0,1,LogP=5.76>5,True,True,True,True,True,True,True,True,True,True,False,,True,False,,True,True
CHEMBL000151,Brc1cccc(Nc2ncnc3cc4[nH]cnc4cc23)c1,47.899136665207756,7.319672314245463,nM,TRIM22,Q8IYM9,CHEMBL203,TRIM22 kinase,339.01195742000004,4.012200000000001,4,2,66.49000000000001,2,4,4,21,0.5785608229687814,0.0,0,0,,True,True,True,True,True,True,True,True,True,True,False,,True,False,,True,True
CHEMBL000152,CNc1cc2c(Nc3cccc(Br)c3)ncnc2cn1,1659.7286178253212,5.779962917632264,nM,TRIM22,Q8IYM9,CHEMBL203,TRIM22 kinase,329.02760748400004,3.572600000000002,5,2,62.730000000000004,3,3,3,20,0.7686164717854101,0.07142857142857142,0,0,,True,True,True,True,True,True,True,True,True,True,False,,True,False,,True,True
CHEMBL000153,O=C(c1ccc(Cl)cc1)N1CCN(c2ncnc3ccccc23)CC1,71.05905936230212,7.148380545741505,nM,TRIM22,Q8IYM9,CHEMBL203,TRIM22 kinase,352.109088844,3.2456000000000014,4,0,49.330000000000005,2,4,3,25,0.7100746986812095,0.21052631578947367,0,0,,True,True,True,True,True,True,True,True,True,True,False,,True,False,,True,True
CHEMBL000154,Cc1ccc(-c2cc(NC(=O)c3ccc(CN4CCN(C)CC4)cc3)c(C)n2-c2ccc(F)cc2)cc1,57.595863006016046,7.239608709948022,nM,TRIM22,Q8IYM9,CHEMBL203,TRIM22 kinase,496.26383989600004,5.899940000000006,3,1,40.510000000000005,6,5,4,37,0.3613676135606394,0.25806451612903225,0,1,LogP=5.90>5,True,False,True,True,True,True,True,True,True,False,True,pyrrole_B(29),False,False,,True,False
CHEMBL000155,COc1ccc(Nc2ncc3cc(-c4ccc(F)cc4)cc(=O)n3n2)cc1,1868.6463935938198,5.728472872960448,nM,TRIM22,Q8IYM9,CHEMBL203,TRIM22 kinase,362.11790394,3.647800000000002,5,1,68.52,4,4,4,27,0.6001709199617381,0.05,0,0,,True,True,True,True,True,True,True,True,True,True,False,,True,False,,True,True
CHEMBL000156,O=C(/C=C/c1ccc(O)cc1)Nc1ccccc1,0.2519638485773091,9.598661766717134,nM,TRIM22,Q8IYM9,CHEMBL203,TRIM22 kinase,239.094628656,3.0441000000000003,2,2,49.33,3,2,2,18,0.808653511215013,0.0,0,0,,True,True,True,True,True,True,True,True,True,True,False,,True,True,michael_acceptor;isolated_alkene,False,False
CHEMBL000157,Cc1ccc(S(=O)(=O)Nc2cccc(C(F)(F)F)c2)cc1,30.849676812266132,7.510749381367681,nM,TRIM22,Q8IYM9,CHEMBL203,TRIM22 kinase,315.054084284,3.8146200000000023,2,1,46.17,3,2,2,21,0.9358255532078548,0.14285714285714285,0,0,,True,True,True,True,True,True,True,True,True,True,False,,True,False,,True,True
CHEMBL000158,CC(Nc1nc2ccccc2s1)c1ccccc1,9704.099610118335,5.013044754196027,nM,TRIM22,Q8IYM9,CHEMBL203,TRIM22 kinase,254.087769448,4.469400000000003,3,1,24.92,3,3,3,18,0.7456020593403673,0.13333333333333333,1,0,,True,True,True,True,True,True,True,True,True,True,False,,True,False,,True,True
CHEMBL000159,N#Cc1ccc(NC(=O)c2cc3cc(Cl)ccc3[nH]2)cc1,16.41230529918209,7.784830412950744,nM,TRIM22,Q8IYM9,CHEMBL203,TRIM22 kinase,295.05123962,3.945280000000002,2,2,68.68,2,3,3,21,0.7514579774465523,0.0,0,0,,True,True,True,True,True,True,True,True,True,True,False,,True,False,,True,True
CHEMBL000160,COc1cc2ncnc(Nc3ccc(F)c(Cl)c3)c2cc1OCCCN1CCOCC1,4592.218093069119,5.337977494659018,nM,TRIM22,Q8IYM9,CHEMBL203,TRIM22 kinase,446.15209652799996,4.275600000000003,7,1,68.74000000000001,8,4,3,31,0.517854527865434,0.36363636363636365,0,0,,True,True,True,True,True,True,True,True,True,True,False,,True,True,catechol,False,False
CHEMBL000161,COc1cc2c(Nc3cccc(Br)c3)ncnc2cc1OCC,10.456181047324918,7.980626905613677,nM,TRIM22,Q8IYM9,CHEMBL203,TRIM22 kinase,373.042588852,4.543200000000003,5,1,56.269999999999996,5,3,3,23,0.710549727643725,0.17647058823529413,0,0,,True,True,True,True,True,True,True,True,True,True,False,,True,True,catechol,False,False
CHEMBL000162,CN(C)c1cc2c(Nc3cccc(Br)c3)ncnc2cn1,2.8980550542390846,8.537893368511106,nM,TRIM22,Q8IYM9,CHEMBL203,TRIM22 kinase,343.04325754800004,3.5969000000000015,5,1,53.94,3,3,3,21,0.7868681517234083,0.13333333333333333,0,0,,True,True,True,True,True,True,True,True,True,True,False,,True,False,,True,True
CHEMBL000163,Brc1cccc(Nc2ncnc3cc4ccccc4cc23)c1,2697.8852734963443,5.568976522472434,nM,TRIM22,Q8IYM9,CHEMBL203,TRIM22 kinase,349.021459484,5.289100000000002,3,1,37.81,2,4,4,22,0.49938282866401273,0.0,0,1,LogP=5.29>5,True,True,True,True,True,True,True,True,True,True,False,,True,False,,True,True
CHEMBL000164,CCOc1cc2ncnc(Nc3ccc(F)c(Cl)c3)c2cc1OCC,5.687688538593695,8.245064193866483,nM,TRIM22,Q8IYM9,CHEMBL203,TRIM22 kinase,361.099332684,4.963300000000003,5,1,56.27000000000001,6,3,3,25,0.6718329180653437,0.2222222222222222,0,0,,True,True,True,True,True,True,True,True,True,True,False,,True,True,catechol,False,False
CHEMBL000165,Cc1cnc(Nc2cc(C(F)(F)F)cc(C3(N)CC3)c2)nc1,38.09154688695531,7.419171390404747,nM,TRIM22,Q8IYM9,CHEMBL203,TRIM22 kinase,308.12488114000007,3.4952200000000015,4,2,63.83,3,3,2,22,0.9107210731688247,0.3333333333333333,0,0,,True,True,True,True,True,True,True,True,True,True,False,,True,False,,True,True
CHEMBL000166,O=C(Nc1ccc2c(c1)OCCO2)c1ccc(Cl)cc1,9.266372618101657,8.033090239991735,nM,TRIM22,Q8IYM9,CHEMBL203,TRIM22 kinase,289.050570924,3.363500000000002,3,1,47.56,2,3,2,20,0.9219638403299357,0.13333333333333333,0,0,,True,True,True,True,True,True,True,True,True,True,False,,True,True,catechol,False,False
CHEMBL000167,CS(=O)(=O)c1ccc(-c2nc3ccccc3s2)cc1,0.22636565041512136,9.64518947398092,nM,TRIM22,Q8IYM9,CHEMBL203,TRIM22 kinase,289.023120592,3.3668000000000022,4,0,47.03,2,3,3,19,0.7264218540215103,0.07142857142857142,0,0,,True,True,True,True,True,True,True,True,True,True,False,,True,False,,True,True
CHEMBL000168,CC1CCN(c2nc(Nc3ccc(F)c(Cl)c3)c3ncnc(N4CC4)c3n2)CC1,369.89816256613216,6.431917825995694,nM,TRIM22,Q8IYM9,CHEMBL203,TRIM22 kinase,413.1530995720001,4.012200000000003,7,1,69.84,4,5,3,29,0.6476963579880024,0.4,0,0,,True,True,True,True,True,True,True,True,True,True,False,,True,False,,True,True
CHEMBL000169,c1ccc2c(c1)nc(Nc1ccc(F)c(Cl)c1)nc2N1CCCC1,2140.9387685910115,5.669395753463766,nM,TRIM22,Q8IYM9,CHEMBL203,TRIM22 kinase,342.104752412,4.7661000000000024,4,1,41.050000000000004,3,4,3,24,0.7442830304115482,0.2222222222222222,0,0,,True,True,True,True,True,True,True,True,True,True,False,,True,False,,True,True
CHEMBL000170,CC(=O)Nc1ccc(-c2ccc3ncnc(Nc4cccc(Br)c4)c3c2)cc1,3421.9341224220566,5.465728355561715,nM,TRIM22,Q8IYM9,CHEMBL203,TRIM22 kinase,432.0585732640001,5.761300000000003,4,2,66.91,4,4,4,28,0.429491249943932,0.045454545454545456,0,1,LogP=5.76>5,True,True,True,True,True,True,True,True,True,True,False,,True,False,,True,True
CHEMBL000171,Brc1cccc(Nc2ncnc3cc4[nH]cnc4cc23)c1,2652.8666947635097,5.576284572551843,nM,TRIM22,Q8IYM9,CHEMBL203,TRIM22 kinase,339.01195742000004,4.012200000000001,4,2,66.49000000000001,2,4,4,21,0.5785608229687814,0.0,0,0,,True,True,True,True,True,True,True,True,True,True,False,,True,False,,True,True
CHEMBL000172,CNc1cc2c(Nc3cccc(Br)c3)ncnc2cn1,206.84858965835744,6.684347435878844,nM,TRIM22,Q8IYM9,CHEMBL203,TRIM22 kinase,329.02760748400004,3.572600000000002,5,2,62.730000000000004,3,3,3,20,0.7686164717854101,0.07142857142857142,0,0,,True,True,True,True,True,True,True,True,True,True,False,,True,False,,True,True
CHEMBL000173,O=C(c1ccc(Cl)cc1)N1CCN(c2ncnc3ccccc23)CC1,48.78339687999305,7.311727962224966,nM,TRIM22,Q8IYM9,CHEMBL203,TRIM22 kinase,352.109088844,3.2456000000000014,4,0,49.330000000000005,2,4,3,25,0.7100746986812095,0.21052631578947367,0,0,,True,True,True,True,True,True,True,True,True,True,False,,True,False,,True,True
CHEMBL000174,Cc1ccc(-c2cc(NC(=O)c3ccc(CN4CCN(C)CC4)cc3)c(C)n2-c2ccc(F)cc2)cc1,60.94860936852073,7.215036198995028,nM,TRIM22,Q8IYM9,CHEMBL203,TRIM22 kinase,496.26383989600004,5.899940000000006,3,1,40.510000000000005,6,5,4,37,0.3613676135606394,0.25806451612903225,0,1,LogP=5.90>5,True,False,True,True,True,True,True,True,True,False,True,pyrrole_B(29),False,False,,True,False
CHEMBL000175,COc1ccc(Nc2ncc3cc(-c4ccc(F)cc4)cc(=O)n3n2)cc1,9.103850691944814,8.040774873554035,nM,TRIM22,Q8IYM9,CHEMBL203,TRIM22 kinase,362.11790394,3.647800000000002,5,1,68.52,4,4,4,27,0.6001709199617381,0.05,0,0,,True,True,True,True,True,True,True,True,True,True,False,,True,False,,True,True
CHEMBL000176,O=C(/C=C/c1ccc(O)cc1)Nc1ccccc1,151.52949022524476,6.81950283781686,nM,TRIM22,Q8IYM9,CHEMBL203,TRIM22 kinase,239.094628656,3.0441000000000003,2,2,49.33,3,2,2,18,0.808653511215013,0.0,0,0,,True,True,True,True,True,True,True,True,True,True,False,,True,True,michael_acceptor;isolated_alkene,False,False
CHEMBL000177,Cc1ccc(S(=O)(=O)Nc2cccc(C(F)(F)F)c2)cc1,1.0464027787546335,8.980301115735976,nM,TRIM22,Q8IYM9,CHEMBL203,TRIM22 kinase,315.054084284,3.8146200000000023,2,1,46.17,3,2,2,21,0.9358255532078548,0.14285714285714285,0,0,,True,True,True,True,True,True,True,True,True,True,False,,True,False,,True,True
CHEMBL000178,CC(Nc1nc2ccccc2s1)c1ccccc1,395.35319227795117,6.403014750143066,nM,TRIM22,Q8IYM9,CHEMBL203,TRIM22 kinase,254.087769448,4.469400000000003,3,1,24.92,3,3,3,18,0.7456020593403673,0.13333333333333333,1,0,,True,True,True,True,True,True,True,True,True,True,False,,True,False,,True,True
CHEMBL000179,N#Cc1ccc(NC(=O)c2cc3cc(Cl)ccc3[nH]2)cc1,0.013174867315568188,10.880253749884428,nM,TRIM22,Q8IYM9,CHEMBL203,TRIM22 kinase,295.05123962,3.945280000000002,2,2,68.68,2,3,3,21,0.7514579774465523,0.0,0,0,,True,True,True,True,True,True,True,True,True,True,False,,True,False,,True,True
CHEMBL000180,COc1cc2ncnc(Nc3ccc(F)c(Cl)c3)c2cc1OCCCN1CCOCC1,18.25992453549895,7.738501021647509,nM,TRIM22,Q8IYM9,CHEMBL203,TRIM22 kinase,446.15209652799996,4.275600000000003,7,1,68.74000000000001,8,4,3,31,0.517854527865434,0.36363636363636365,0,0,,True,True,True,True,True,True,True,True,True,True,False,,True,True,catechol,False,False
CHEMBL000181,COc1cc2c(Nc3cccc(Br)c3)ncnc2cc1OCC,3060.1050432413886,5.5142636653755766,nM,TRIM22,Q8IYM9,CHEMBL203,TRIM22 kinase,373.042588852,4.543200000000003,5,1,56.269999999999996,5,3,3,23,0.710549727643725,0.17647058823529413,0,0,,True,True,True,True,True,True,True,True,True,True,False,,True,True,catechol,False,False
CHEMBL000182,CN(C)c1cc2c(Nc3cccc(Br)c3)ncnc2cn1,6402.340194731518,5.193661252908331,nM,TRIM22,Q8IYM9,CHEMBL203,TRIM22 kinase,343.04325754800004,3.5969000000000015,5,1,53.94,3,3,3,21,0.7868681517234083,0.13333333333333333,0,0,,True,True,True,True,True,True,True,True,True,True,False,,True,False,,True,True
CHEMBL000183,Brc1cccc(Nc2ncnc3cc4ccccc4cc23)c1,29.94272882348612,7.523708622864778,nM,TRIM22,Q8IYM9,CHEMBL203,TRIM22 kinase,349.021459484,5.289100000000002,3,1,37.81,2,4,4,22,0.49938282866401273,0.0,0,1,LogP=5.29>5,True,True,True,True,True,True,True,True,True,True,False,,True,False,,True,True
CHEMBL000184,CCOc1cc2ncnc(Nc3ccc(F)c(Cl)c3)c2cc1OCC,342.9210761778182,6.464805822011224,nM,TRIM22,Q8IYM9,CHEMBL203,TRIM22 kinase,361.099332684,4.963300000000003,5,1,56.27000000000001,6,3,3,25,0.6718329180653437,0.2222222222222222,0,0,,True,True,True,True,True,True,True,True,True,True,False,,True,True,catechol,False,False
CHEMBL000185,Cc1cnc(Nc2cc(C(F)(F)F)cc(C3(N)CC3)c2)nc1,13.458580573019548,7.871000741138138,nM,TRIM22,Q8IYM9,CHEMBL203,TRIM22 kinase,308.12488114000007,3.4952200000000015,4,2,63.83,3,3,2,22,0.9107210731688247,0.3333333333333333,0,0,,True,True,True,True,True,True,True,True,True,True,False,,True,False,,True,True
CHEMBL000186,O=C(Nc1ccc2c(c1)OCCO2)c1ccc(Cl)cc1,30.913171490439762,7.509856436860317,nM,TRIM22,Q8IYM9,CHEMBL203,TRIM22 kinase,289.050570924,3.363500000000002,3,1,47.56,2,3,2,20,0.9219638403299357,0.13333333333333333,0,0,,True,True,True,True,True,True,True,True,True,True,False,,True,True,catechol,False,False
CHEMBL000187,CS(=O)(=O)c1ccc(-c2nc3ccccc3s2)cc1,203.81839107580504,6.690756631014691,nM,TRIM22,Q8IYM9,CHEMBL203,TRIM22 kinase,289.023120592,3.3668000000000022,4,0,47.03,2,3,3,19,0.7264218540215103,0.07142857142857142,0,0,,True,True,True,True,True,True,True,True,True,True,False,,True,False,,True,True
CHEMBL000188,CC1CCN(c2nc(Nc3ccc(F)c(Cl)c3)c3ncnc(N4CC4)c3n2)CC1,2952.504560474445,5.529809422897392,nM,TRIM22,Q8IYM9,CHEMBL203,TRIM22 kinase,413.1530995720001,4.012200000000003,7,1,69.84,4,5,3,29,0.6476963579880024,0.4,0,0,,True,True,True,True,True,True,True,True,True,True,False,,True,False,,True,True
CHEMBL000189,c1ccc2c(c1)nc(Nc1ccc(F)c(Cl)c1)nc2N1CCCC1,29666.809100482813,4.527729162971203,nM,TRIM22,Q8IYM9,CHEMBL203,TRIM22 kinase,342.104752412,4.7661000000000024,4,1,41.050000000000004,3,4,3,24,0.7442830304115482,0.2222222222222222,0,0,,True,True,True,True,True,True,True,True,True,True,False,,True,False,,True,True
CHEMBL000190,CC(=O)Nc1ccc(-c2ccc3ncnc(Nc4cccc(Br)c4)c3c2)cc1,740.9218937754837,6.130227571899468,nM,TRIM22,Q8IYM9,CHEMBL203,TRIM22 kinase,432.0585732640001,5.761300000000003,4,2,66.91,4,4,4,28,0.429491249943932,0.045454545454545456,0,1,LogP=5.76>5,True,True,True,True,True,True,True,True,True,True,False,,True,False,,True,True
CHEMBL000191,Brc1cccc(Nc2ncnc3cc4[nH]cnc4cc23)c1,8.230037394711033,8.084598191485208,nM,TRIM22,Q8IYM9,CHEMBL203,TRIM22 kinase,339.01195742000004,4.012200000000001,4,2,66.49000000000001,2,4,4,21,0.5785608229687814,0.0,0,0,,True,True,True,True,True,True,True,True,True,True,False,,True,False,,True,True
CHEMBL000192,CNc1cc2c(Nc3cccc(Br)c3)ncnc2cn1,75.6587886761326,7.121140616195306,nM,TRIM22,Q8IYM9,CHEMBL203,TRIM22 kinase,329.02760748400004,3.572600000000002,5,2,62.730000000000004,3,3,3,20,0.7686164717854101,0.07142857142857142,0,0,,True,True,True,True,True,True,True,True,True,True,False,,True,False,,True,True
CHEMBL000193,O=C(c1ccc(Cl)cc1)N1CCN(c2ncnc3ccccc23)CC1,11711.38256931012,4.931391831932018,nM,TRIM22,Q8IYM9,CHEMBL203,TRIM22 kinase,352.109088844,3.2456000000000014,4,0,49.330000000000005,2,4,3,25,0.7100746986812095,0.21052631578947367,0,0,,True,True,True,True,True,True,True,True,True,True,False,,True,False,,True,True
CHEMBL000194,Cc1ccc(-c2cc(NC(=O)c3ccc(CN4CCN(C)CC4)cc3)c(C)n2-c2ccc(F)cc2)cc1,87.14221830885164,7.059771388776773,nM,TRIM22,Q8IYM9,CHEMBL203,TRIM22 kinase,496.26383989600004,5.899940000000006,3,1,40.510000000000005,6,5,4,37,0.3613676135606394,0.25806451612903225,0,1,LogP=5.90>5,True,False,True,True,True,True,True,True,True,False,True,pyrrole_B(29),False,False,,True,False
CHEMBL000195,COc1ccc(Nc2ncc3cc(-c4ccc(F)cc4)cc(=O)n3n2)cc1,41.88166420320642,7.377976069593255,nM,TRIM22,Q8IYM9,CHEMBL203,TRIM22 kinase,362.11790394,3.647800000000002,5,1,68.52,4,4,4,27,0.6001709199617381,0.05,0,0,,True,True,True,True,True,True,True,True,True,True,False,,True,False,,True,True
CHEMBL000196,O=C(/C=C/c1ccc(O)cc1)Nc1ccccc1,3355.723384350779,5.4742138456983005,nM,TRIM22,Q8IYM9,CHEMBL203,TRIM22 kinase,239.094628656,3.0441000000000003,2,2,49.33,3,2,2,18,0.808653511215013,0.0,0,0,,True,True,True,True,True,True,True,True,True,True,False,,True,True,michael_acceptor;isolated_alkene,False,False
CHEMBL000197,Cc1ccc(S(=O)(=O)Nc2cccc(C(F)(F)F)c2)cc1,93.19923360479756,7.030587658918292,nM,TRIM22,Q8IYM9,CHEMBL203,TRIM22 kinase,315.054084284,3.8146200000000023,2,1,46.17,3,2,2,21,0.9358255532078548,0.14285714285714285,0,0,,True,True,True,True,True,True,True,True,True,True,False,,True,False,,True,True
CHEMBL000198,CC(Nc1nc2ccccc2s1)c1ccccc1,129.62444870256545,6.887313077669,nM,TRIM22,Q8IYM9,CHEMBL203,TRIM22 kinase,254.087769448,4.469400000000003,3,1,24.92,3,3,3,18,0.7456020593403673,0.13333333333333333,1,0,,True,True,True,True,True,True,True,True,True,True,False,,True,False,,True,True
CHEMBL000199,N#Cc1ccc(NC(=O)c2cc3cc(Cl)ccc3[nH]2)cc1,8212.123022657457,5.085544553254065,nM,TRIM22,Q8IYM9,CHEMBL203,TRIM22 kinase,295.05123962,3.945280000000002,2,2,68.68,2,3,3,21,0.7514579774465523,0.0,0,0,,True,True,True,True,True,True,True,True,True,True,False,,True,False,,True,True
CHEMBL000200,COc1cc2ncnc(Nc3ccc(F)c(Cl)c3)c2cc1OCCCN1CCOCC1,46.05947245918181,7.336681040522425,nM,TRIM22,Q8IYM9,CHEMBL203,TRIM22 kinase,446.15209652799996,4.275600000000003,7,1,68.74000000000001,8,4,3,31,0.517854527865434,0.36363636363636365,0,0,,True,True,True,True,True,True,True,True,True,True,False,,True,True,catechol,False,False
CHEMBL000201,COc1cc2c(Nc3cccc(Br)c3)ncnc2cc1OCC,22.84668587187321,7.641176789552351,nM,TRIM22,Q8IYM9,CHEMBL203,TRIM22 kinase,373.042588852,4.543200000000003,5,1,56.269999999999996,5,3,3,23,0.710549727643725,0.17647058823529413,0,0,,True,True,True,True,True,True,True,True,True,True,False,,True,True,catechol,False,False
CHEMBL000202,CN(C)c1cc2c(Nc3cccc(Br)c3)ncnc2cn1,3.7620376295253606,8.424576864762916,nM,TRIM22,Q8IYM9,CHEMBL203,TRIM22 kinase,343.04325754800004,3.5969000000000015,5,1,53.94,3,3,3,21,0.7868681517234083,0.13333333333333333,0,0,,True,True,True,True,True,True,True,True,True,True,False,,True,False,,True,True
CHEMBL000203,Brc1cccc(Nc2ncnc3cc4ccccc4cc23)c1,4.161950608350341,8.380703078052354,nM,TRIM22,Q8IYM9,CHEMBL203,TRIM22 kinase,349.021459484,5.289100000000002,3,1,37.81,2,4,4,22,0.49938282866401273,0.0,0,1,LogP=5.29>5,True,True,True,True,True,True,True,True,True,True,False,,True,False,,True,True
CHEMBL000204,CCOc1cc2ncnc(Nc3ccc(F)c(Cl)c3)c2cc1OCC,18471.580286780252,4.7334959480643635,nM,TRIM22,Q8IYM9,CHEMBL203,TRIM22 kinase,361.099332684,4.963300000000003,5,1,56.27000000000001,6,3,3,25,0.6718329180653437,0.2222222222222222,0,0,,True,True,True,True,True,True,True,True,True,True,False,,True,True,catechol,False,False
CHEMBL000205,Cc1cnc(Nc2cc(C(F)(F)F)cc(C3(N)CC3)c2)nc1,4043.3148409260884,5.393262440127316,nM,TRIM22,Q8IYM9,CHEMBL203,TRIM22 kinase,308.12488114000007,3.4952200000000015,4,2,63.83,3,3,2,22,0.9107210731688247,0.3333333333333333,0,0,,True,True,True,True,True,True,True,True,True,True,False,,True,False,,True,True
CHEMBL000206,O=C(Nc1ccc2c(c1)OCCO2)c1ccc(Cl)cc1,26.75759642749323,7.5725529008129895,nM,TRIM22,Q8IYM9,CHEMBL203,TRIM22 kinase,289.050570924,3.363500000000002,3,1,47.56,2,3,2,20,0.9219638403299357,0.13333333333333333,0,0,,True,True,True,True,True,True,True,True,True,True,False,,True,True,catechol,False,False
CHEMBL000207,CS(=O)(=O)c1ccc(-c2nc3ccccc3s2)cc1,26.87330453119961,7.570678926368313,nM,TRIM22,Q8IYM9,CHEMBL203,TRIM22 kinase,289.023120592,3.3668000000000022,4,0,47.03,2,3,3,19,0.7264218540215103,0.07142857142857142,0,0,,True,True,True,True,True,True,True,True,True,True,False,,True,False,,True,True
CHEMBL000208,CC1CCN(c2nc(Nc3ccc(F)c(Cl)c3)c3ncnc(N4CC4)c3n2)CC1,26.756448710622866,7.572571529459072,nM,TRIM22,Q8IYM9,CHEMBL203,TRIM22 kinase,413.1530995720001,4.012200000000003,7,1,69.84,4,5,3,29,0.6476963579880024,0.4,0,0,,True,True,True,True,True,True,True,True,True,True,False,,True,False,,True,True
CHEMBL000209,c1ccc2c(c1)nc(Nc1ccc(F)c(Cl)c1)nc2N1CCCC1,0.001,12.0,nM,TRIM22,Q8IYM9,CHEMBL203,TRIM22 kinase,342.104752412,4.7661000000000024,4,1,41.050000000000004,3,4,3,24,0.7442830304115482,0.2222222222222222,0,0,,True,True,True,True,True,True,True,True,True,True,False,,True,False,,True,True
CHEMBL000210,CC(=O)Nc1ccc(-c2ccc3ncnc(Nc4cccc(Br)c4)c3c2)cc1,22.06298318314435,7.65633576603975,nM,TRIM22,Q8IYM9,CHEMBL203,TRIM22 kinase,432.0585732640001,5.761300000000003,4,2,66.91,4,4,4,28,0.429491249943932,0.045454545454545456,0,1,LogP=5.76>5,True,True,True,True,True,True,True,True,True,True,False,,True,False,,True,True
CHEMBL000211,Brc1cccc(Nc2ncnc3cc4[nH]cnc4cc23)c1,3.13798988775459,8.503348460270898,nM,TRIM22,Q8IYM9,CHEMBL203,TRIM22 kinase,339.01195742000004,4.012200000000001,4,2,66.49000000000001,2,4,4,21,0.5785608229687814,0.0,0,0,,True,True,True,True,True,True,True,True,True,True,False,,True,False,,True,True
CHEMBL000212,CNc1cc2c(Nc3cccc(Br)c3)ncnc2cn1,5.874857742078058,8.231002645239803,nM,TRIM22,Q8IYM9,CHEMBL203,TRIM22 kinase,329.02760748400004,3.572600000000002,5,2,62.730000000000004,3,3,3,20,0.7686164717854101,0.07142857142857142,0,0,,True,True,True,True,True,True,True,True,True,True,False,,True,False,,True,True
CHEMBL000213,O=C(c1ccc(Cl)cc1)N1CCN(c2ncnc3ccccc23)CC1,16.70756360120639,7.7770868769586965,nM,TRIM22,Q8IYM9,CHEMBL203,TRIM22 kinase,352.109088844,3.2456000000000014,4,0,49.330000000000005,2,4,3,25,0.7100746986812095,0.21052631578947367,0,0,,True,True,True,True,True,True,True,True,True,True,False,,True,False,,True,True
CHEMBL000214,Cc1ccc(-c2cc(NC(=O)c3ccc(CN4CCN(C)CC4)cc3)c(C)n2-c2ccc(F)cc2)cc1,470.87308498221455,6.327096133039482,nM,TRIM22,Q8IYM9,CHEMBL203,TRIM22 kinase,496.26383989600004,5.899940000000006,3,1,40.510000000000005,6,5,4,37,0.3613676135606394,0.25806451612903225,0,1,LogP=5.90>5,True,False,True,True,True,True,True,True,True,False,True,pyrrole_B(29),False,False,,True,False
CHEMBL000215,COc1ccc(Nc2ncc3cc(-c4ccc(F)cc4)cc(=O)n3n2)cc1,11.522485473025487,7.938453830739901,nM,TRIM22,Q8IYM9,CHEMBL203,TRIM22 kinase,362.11790394,3.647800000000002,5,1,68.52,4,4,4,27,0.6001709199617381,0.05,0,0,,True,True,True,True,True,True,True,True,True,True,False,,True,False,,True,True
CHEMBL000216,O=C(/C=C/c1ccc(O)cc1)Nc1ccccc1,2286.850751340144,5.640762178193642,nM,TRIM22,Q8IYM9,CHEMBL203,TRIM22 kinase,239.094628656,3.0441000000000003,2,2,49.33,3,2,2,18,0.808653511215013,0.0,0,0,,True,True,True,True,True,True,True,True,True,True,False,,True,True,michael_acceptor;isolated_alkene,False,False
CHEMBL000217,Cc1ccc(S(=O)(=O)Nc2cccc(C(F)(F)F)c2)cc1,359.1103399987118,6.4447720898899865,nM,TRIM22,Q8IYM9,CHEMBL203,TRIM22 kinase,315.054084284,3.8146200000000023,2,1,46.17,3,2,2,21,0.9358255532078548,0.14285714285714285,0,0,,True,True,True,True,True,True,True,True,True,True,False,,True,False,,True,True
CHEMBL000218,CC(Nc1nc2ccccc2s1)c1ccccc1,847.3158330105009,6.071954678256344,nM,TRIM22,Q8IYM9,CHEMBL203,TRIM22 kinase,254.087769448,4.469400000000003,3,1,24.92,3,3,3,18,0.7456020593403673,0.13333333333333333,1,0,,True,True,True,True,True,True,True,True,True,True,False,,True,False,,True,True
CHEMBL000219,N#Cc1ccc(NC(=O)c2cc3cc(Cl)ccc3[nH]2)cc1,119.45072524718735,6.922811209079484,nM,TRIM22,Q8IYM9,CHEMBL203,TRIM22 kinase,295.05123962,3.945280000000002,2,2,68.68,2,3,3,21,0.7514579774465523,0.0,0,0,,True,True,True,True,True,True,True,True,True,True,False,,True,False,,True,True
CHEMBL000220,COc1cc2ncnc(Nc3ccc(F)c(Cl)c3)c2cc1OCCCN1CCOCC1,0.05345793147846289,10.271987850010262,nM,TRIM22,Q8IYM9,CHEMBL203,TRIM22 kinase,446.15209652799996,4.275600000000003,7,1,68.74000000000001,8,4,3,31,0.517854527865434,0.36363636363636365,0,0,,True,True,True,True,True,True,True,True,True,True,False,,True,True,catechol,False,False
CHEMBL000221,COc1cc2c(Nc3cccc(Br)c3)ncnc2cc1OCC,100206.93735133426,3.999102211112378,nM,TRIM22,Q8IYM9,CHEMBL203,TRIM22 kinase,373.042588852,4.543200000000003,5,1,56.269999999999996,5,3,3,23,0.710549727643725,0.17647058823529413,0,0,,True,True,True,True,True,True,True,True,True,True,False,,True,True,catechol,False,False
CHEMBL000222,CN(C)c1cc2c(Nc3cccc(Br)c3)ncnc2cn1,14.811863954302483,7.82939028556177,nM,TRIM22,Q8IYM9,CHEMBL203,TRIM22 kinase,343.04325754800004,3.5969000000000015,5,1,53.94,3,3,3,21,0.7868681517234083,0.13333333333333333,0,0,,True,True,True,True,True,True,True,True,True,True,False,,True,False,,True,True
CHEMBL000223,Brc1cccc(Nc2ncnc3cc4ccccc4cc23)c1,41598.129901216395,4.380926193215522,nM,TRIM22,Q8IYM9,CHEMBL203,TRIM22 kinase,349.021459484,5.289100000000002,3,1,37.81,2,4,4,22,0.49938282866401273,0.0,0,1,LogP=5.29>5,True,True,True,True,True,True,True,True,True,True,False,,True,False,,True,True
CHEMBL000224,CCOc1cc2ncnc(Nc3ccc(F)c(Cl)c3)c2cc1OCC,808.9055192862337,6.09210220131585,nM,TRIM22,Q8IYM9,CHEMBL203,TRIM22 kinase,361.099332684,4.963300000000003,5,1,56.27000000000001,6,3,3,25,0.6718329180653437,0.2222222222222222,0,0,,True,True,True,True,True,True,True,True,True,True,False,,True,True,catechol,False,False
CHEMBL000225,Cc1cnc(Nc2cc(C(F)(F)F)cc(C3(N)CC3)c2)nc1,3.686159341716468,8.433425895451048,nM,TRIM22,Q8IYM9,CHEMBL203,TRIM22 kinase,308.12488114000007,3.4952200000000015,4,2,63.83,3,3,2,22,0.9107210731688247,0.3333333333333333,0,0,,True,True,True,True,True,True,True,True,True,True,False,,True,False,,True,True
CHEMBL000226,O=C(Nc1ccc2c(c1)OCCO2)c1ccc(Cl)cc1,126.93458613571082,6.896420028643194,nM,TRIM22,Q8IYM9,CHEMBL203,TRIM22 kinase,289.050570924,3.363500000000002,3,1,47.56,2,3,2,20,0.9219638403299357,0.13333333333333333,0,0,,True,True,True,True,True,True,True,True,True,True,False,,True,True,catechol,False,False
CHEMBL000227,CS(=O)(=O)c1ccc(-c2nc3ccccc3s2)cc1,6555.671252977621,5.183382833106041,nM,TRIM22,Q8IYM9,CHEMBL203,TRIM22 kinase,289.023120592,3.3668000000000022,4,0,47.03,2,3,3,19,0.7264218540215103,0.07142857142857142,0,0,,True,True,True,True,True,True,True,True,True,True,False,,True,False,,True,True
CHEMBL000228,CC1CCN(c2nc(Nc3ccc(F)c(Cl)c3)c3ncnc(N4CC4)c3n2)CC1,1874.8026723350297,5.727044436110047,nM,TRIM22,Q8IYM9,CHEMBL203,TRIM22 kinase,413.1530995720001,4.012200000000003,7,1,69.84,4,5,3,29,0.6476963579880024,0.4,0,0,,True,True,True,True,True,True,True,True,True,True,False,,True,False,,True,True
CHEMBL000229,c1ccc2c(c1)nc(Nc1ccc(F)c(Cl)c1)nc2N1CCCC1,15.156655398055205,7.819396623402014,nM,TRIM22,Q8IYM9,CHEMBL203,TRIM22 kinase,342.104752412,4.7661000000000024,4,1,41.050000000000004,3,4,3,24,0.7442830304115482,0.2222222222222222,0,0,,True,True,True,True,True,True,True,True,True,True,False,,True,False,,True,True
CHEMBL000230,CC(=O)Nc1ccc(-c2ccc3ncnc(Nc4cccc(Br)c4)c3c2)cc1,1974.9219992508868,5.704450052424295,nM,TRIM22,Q8IYM9,CHEMBL203,TRIM22 kinase,432.0585732640001,5.761300000000003,4,2,66.91,4,4,4,28,0.429491249943932,0.045454545454545456,0,1,LogP=5.76>5,True,True,True,True,True,True,True,True,True,True,False,,True,False,,True,True
CHEMBL000231,Brc1cccc(Nc2ncnc3cc4[nH]cnc4cc23)c1,75.04333315992099,7.124687884372962,nM,TRIM22,Q8IYM9,CHEMBL203,TRIM22 kinase,339.01195742000004,4.012200000000001,4,2,66.49000000000001,2,4,4,21,0.5785608229687814,0.0,0,0,,True,True,True,True,True,True,True,True,True,True,False,,True,False,,True,True
CHEMBL000232,CNc1cc2c(Nc3cccc(Br)c3)ncnc2cn1,135.40735042567243,6.86835775985572,nM,TRIM22,Q8IYM9,CHEMBL203,TRIM22 kinase,329.02760748400004,3.572600000000002,5,2,62.730000000000004,3,3,3,20,0.7686164717854101,0.07142857142857142,0,0,,True,True,True,True,True,True,True,True,True,True,False,,True,False,,True,True
CHEMBL000233,O=C(c1ccc(Cl)cc1)N1CCN(c2ncnc3ccccc23)CC1,1504.5288550779014,5.8225994785912745,nM,TRIM22,Q8IYM9,CHEMBL203,TRIM22 kinase,352.109088844,3.2456000000000014,4,0,49.330000000000005,2,4,3,25,0.7100746986812095,0.21052631578947367,0,0,,True,True,True,True,True,True,True,True,True,True,False,,True,False,,True,True
CHEMBL000234,Cc1ccc(-c2cc(NC(=O)c3ccc(CN4CCN(C)CC4)cc3)c(C)n2-c2ccc(F)cc2)cc1,0.09640151652975783,10.01591613398799,nM,TRIM22,Q8IYM9,CHEMBL203,TRIM22 kinase,496.26383989600004,5.899940000000006,3,1,40.510000000000005,6,5,4,37,0.3613676135606394,0.25806451612903225,0,1,LogP=5.90>5,True,False,True,True,True,True,True,True,True,False,True,pyrrole_B(29),False,False,,True,False
CHEMBL000235,COc1ccc(Nc2ncc3cc(-c4ccc(F)cc4)cc(=O)n3n2)cc1,17.746857680318875,7.7508785334770165,nM,TRIM22,Q8IYM9,CHEMBL203,TRIM22 kinase,362.11790394,3.647800000000002,5,1,68.52,4,4,4,27,0.6001709199617381,0.05,0,0,,True,True,True,True,True,True,True,True,True,True,False,,True,False,,True,True
CHEMBL000236,O=C(/C=C/c1ccc(O)cc1)Nc1ccccc1,172867.7104398096,3.762286120013589,nM,TRIM22,Q8IYM9,CHEMBL203,TRIM22 kinase,239.094628656,3.0441000000000003,2,2,49.33,3,2,2,18,0.808653511215013,0.0,0,0,,True,True,True,True,True,True,True,True,True,True,False,,True,True,michael_acceptor;isolated_alkene,False,False
CHEMBL000237,Cc1ccc(S(=O)(=O)Nc2cccc(C(F)(F)F)c2)cc1,83.23740415884983,7.0796814721541415,nM,TRIM22,Q8IYM9,CHEMBL203,TRIM22 kinase,315.054084284,3.8146200000000023,2,1,46.17,3,2,2,21,0.9358255532078548,0.14285714285714285,0,0,,True,True,True,True,True,True,True,True,True,True,False,,True,False,,True,True
CHEMBL000238,CC(Nc1nc2ccccc2s1)c1ccccc1,1558.4027186000171,5.807320302847418,nM,TRIM22,Q8IYM9,CHEMBL203,TRIM22 kinase,254.087769448,4.469400000000003,3,1,24.92,3,3,3,18,0.7456020593403673,0.13333333333333333,1,0,,True,True,True,True,True,True,True,True,True,True,False,,True,False,,True,True
CHEMBL000239,N#Cc1ccc(NC(=O)c2cc3cc(Cl)ccc3[nH]2)cc1,8.3435331886117,8.078650002194335,nM,TRIM22,Q8IYM9,CHEMBL203,TRIM22 kinase,295.05123962,3.945280000000002,2,2,68.68,2,3,3,21,0.7514579774465523,0.0,0,0,,True,True,True,True,True,True,True,True,True,True,False,,True,False,,True,True
CHEMBL000240,COc1cc2ncnc(Nc3ccc(F)c(Cl)c3)c2cc1OCCCN1CCOCC1,2447.829180261429,5.611218892350949,nM,TRIM22,Q8IYM9,CHEMBL203,TRIM22 kinase,446.15209652799996,4.275600000000003,7,1,68.74000000000001,8,4,3,31,0.517854527865434,0.36363636363636365,0,0,,True,True,True,True,True,True,True,True,True,True,False,,True,True,catechol,False,False
CHEMBL000241,COc1cc2c(Nc3cccc(Br)c3)ncnc2cc1OCC,235.56169041473692,6.627895337799651,nM,TRIM22,Q8IYM9,CHEMBL203,TRIM22 kinase,373.042588852,4.543200000000003,5,1,56.269999999999996,5,3,3,23,0.710549727643725,0.17647058823529413,0,0,,True,True,True,True,True,True,True,True,True,True,False,,True,True,catechol,False,False
CHEMBL000242,CN(C)c1cc2c(Nc3cccc(Br)c3)ncnc2cn1,27.702507525676552,7.557480918470685,nM,TRIM22,Q8IYM9,CHEMBL203,TRIM22 kinase,343.04325754800004,3.5969000000000015,5,1,53.94,3,3,3,21,0.7868681517234083,0.13333333333333333,0,0,,True,True,True,True,True,True,True,True,True,True,False,,True,False,,True,True
CHEMBL000243,Brc1cccc(Nc2ncnc3cc4ccccc4cc23)c1,7.968328112160421,8.098632791255183,nM,TRIM22,Q8IYM9,CHEMBL203,TRIM22 kinase,349.021459484,5.289100000000002,3,1,37.81,2,4,4,22,0.49938282866401273,0.0,0,1,LogP=5.29>5,True,True,True,True,True,True,True,True,True,True,False,,True,False,,True,True
CHEMBL000244,CCOc1cc2ncnc(Nc3ccc(F)c(Cl)c3)c2cc1OCC,10010.24277916828,4.999555389416336,nM,TRIM22,Q8IYM9,CHEMBL203,TRIM22 kinase,361.099332684,4.963300000000003,5,1,56.27000000000001,6,3,3,25,0.6718329180653437,0.2222222222222222,0,0,,True,True,True,True,True,True,True,True,True,True,False,,True,True,catechol,False,False
CHEMBL000245,Cc1cnc(Nc2cc(C(F)(F)F)cc(C3(N)CC3)c2)nc1,503.21300187666765,6.298248146238578,nM,TRIM22,Q8IYM9,CHEMBL203,TRIM22 kinase,308.12488114000007,3.4952200000000015,4,2,63.83,3,3,2,22,0.9107210731688247,0.3333333333333333,0,0,,True,True,True,True,True,True,True,True,True,True,False,,True,False,,True,True
CHEMBL000246,O=C(Nc1ccc2c(c1)OCCO2)c1ccc(Cl)cc1,817.3686317788724,6.087582033258565,nM,TRIM22,Q8IYM9,CHEMBL203,TRIM22 kinase,289.050570924,3.363500000000002,3,1,47.56,2,3,2,20,0.9219638403299357,0.13333333333333333,0,0,,True,True,True,True,True,True,True,True,True,True,False,,True,True,catechol,False,False
CHEMBL000247,CS(=O)(=O)c1ccc(-c2nc3ccccc3s2)cc1,1513.5398112300404,5.820006151139432,nM,TRIM22,Q8IYM9,CHEMBL203,TRIM22 kinase,289.023120592,3.3668000000000022,4,0,47.03,2,3,3,19,0.7264218540215103,0.07142857142857142,0,0,,True,True,True,True,True,True,True,True,True,True,False,,True,False,,True,True
CHEMBL000248,CC1CCN(c2nc(Nc3ccc(F)c(Cl)c3)c3ncnc(N4CC4)c3n2)CC1,0.35630231129198764,9.448181360421646,nM,TRIM22,Q8IYM9,CHEMBL203,TRIM22 kinase,413.1530995720001,4.012200000000003,7,1,69.84,4,5,3,29,0.6476963579880024,0.4,0,0,,True,True,True,True,True,True,True,True,True,True,False,,True,False,,True,True
CHEMBL000249,c1ccc2c(c1)nc(Nc1ccc(F)c(Cl)c1)nc2N1CCCC1,39.13158450257594,7.407472566441433,nM,TRIM22,Q8IYM9,CHEMBL203,TRIM22 kinase,342.104752412,4.7661000000000024,4,1,41.050000000000004,3,4,3,24,0.7442830304115482,0.2222222222222222,0,0,,True,True,True,True,True,True,True,True,True,True,False,,True,False,,True,True
CHEMBL000250,CC(=O)Nc1ccc(-c2ccc3ncnc(Nc4cccc(Br)c4)c3c2)cc1,12340.30607279615,4.908674068497432,nM,TRIM22,Q8IYM9,CHEMBL203,TRIM22 kinase,432.0585732640001,5.761300000000003,4,2,66.91,4,4,4,28,0.429491249943932,0.045454545454545456,0,1,LogP=5.76>5,True,True,True,True,True,True,True,True,True,True,False,,True,False,,True,True
CHEMBL000251,Brc1cccc(Nc2ncnc3cc4[nH]cnc4cc23)c1,6.655904460433514,8.176792920582164,nM,TRIM22,Q8IYM9,CHEMBL203,TRIM22 kinase,339.01195742000004,4.012200000000001,4,2,66.49000000000001,2,4,4,21,0.5785608229687814,0.0,0,0,,True,True,True,True,True,True,True,True,True,True,False,,True,False,,True,True
CHEMBL000252,CNc1cc2c(Nc3cccc(Br)c3)ncnc2cn1,0.10393592954186605,9.98323429551895,nM,TRIM22,Q8IYM9,CHEMBL203,TRIM22 kinase,329.02760748400004,3.572600000000002,5,2,62.730000000000004,3,3,3,20,0.7686164717854101,0.07142857142857142,0,0,,True,True,True,True,True,True,True,True,True,True,False,,True,False,,True,True
CHEMBL000253,O=C(c1ccc(Cl)cc1)N1CCN(c2ncnc3ccccc23)CC1,4.480248562631251,8.34869789082672,nM,TRIM22,Q8IYM9,CHEMBL203,TRIM22 kinase,352.109088844,3.2456000000000014,4,0,49.330000000000005,2,4,3,25,0.7100746986812095,0.21052631578947367,0,0,,True,True,True,True,True,True,True,True,True,True,False,,True,False,,True,True
CHEMBL000254,Cc1ccc(-c2cc(NC(=O)c3ccc(CN4CCN(C)CC4)cc3)c(C)n2-c2ccc(F)cc2)cc1,30133.872676541512,4.5209450510689795,nM,TRIM22,Q8IYM9,CHEMBL203,TRIM22 kinase,496.26383989600004,5.899940000000006,3,1,40.510000000000005,6,5,4,37,0.3613676135606394,0.25806451612903225,0,1,LogP=5.90>5,True,False,True,True,True,True,True,True,True,False,True,pyrrole_B(29),False,False,,True,False
CHEMBL000255,COc1ccc(Nc2ncc3cc(-c4ccc(F)cc4)cc(=O)n3n2)cc1,844.0168350505107,6.073648890700623,nM,TRIM22,Q8IYM9,CHEMBL203,TRIM22 kinase,362.11790394,3.647800000000002,5,1,68.52,4,4,4,27,0.6001709199617381,0.05,0,0,,True,True,True,True,True,True,True,True,True,True,False,,True,False,,True,True
CHEMBL000256,O=C(/C=C/c1ccc(O)cc1)Nc1ccccc1,1.9935782012560639,8.700366723779934,nM,TRIM22,Q8IYM9,CHEMBL203,TRIM22 kinase,239.094628656,3.0441000000000003,2,2,49.33,3,2,2,18,0.808653511215013,0.0,0,0,,True,True,True,True,True,True,True,True,True,True,False,,True,True,michael_acceptor;isolated_alkene,False,False
CHEMBL000257,Cc1ccc(S(=O)(=O)Nc2cccc(C(F)(F)F)c2)cc1,1826.0144015056737,5.738495801571829,nM,TRIM22,Q8IYM9,CHEMBL203,TRIM22 kinase,315.054084284,3.8146200000000023,2,1,46.17,3,2,2,21,0.9358255532078548,0.14285714285714285,0,0,,True,True,True,True,True,True,True,True,True,True,False,,True,False,,True,True
CHEMBL000258,CC(Nc1nc2ccccc2s1)c1ccccc1,34.2192792412055,7.465729142219343,nM,TRIM22,Q8IYM9,CHEMBL203,TRIM22 kinase,254.087769448,4.469400000000003,3,1,24.92,3,3,3,18,0.7456020593403673,0.13333333333333333,1,0,,True,True,True,True,True,True,True,True,True,True,False,,True,False,,True,True
CHEMBL000259,N#Cc1ccc(NC(=O)c2cc3cc(Cl)ccc3[nH]2)cc1,10.915632855387873,7.961951080144005,nM,TRIM22,Q8IYM9,CHEMBL203,TRIM22 kinase,295.05123962,3.945280000000002,2,2,68.68,2,3,3,21,0.7514579774465523,0.0,0,0,,True,True,True,True,True,True,True,True,True,True,False,,True,False,,True,True
CHEMBL000260,COc1cc2ncnc(Nc3ccc(F)c(Cl)c3)c2cc1OCCCN1CCOCC1,3893.9978497385,5.409604292632875,nM,TRIM22,Q8IYM9,CHEMBL203,TRIM22 kinase,446.15209652799996,4.275600000000003,7,1,68.74000000000001,8,4,3,31,0.517854527865434,0.36363636363636365,0,0,,True,True,True,True,True,True,True,True,True,True,False,,True,True,catechol,False,False
CHEMBL000261,COc1cc2c(Nc3cccc(Br)c3)ncnc2cc1OCC,194.6650717130157,6.7107119659073,nM,TRIM22,Q8IYM9,CHEMBL203,TRIM22 kinase,373.042588852,4.543200000000003,5,1,56.269999999999996,5,3,3,23,0.710549727643725,0.17647058823529413,0,0,,True,True,True,True,True,True,True,True,True,True,False,,True,True,catechol,False,False
CHEMBL000262,CN(C)c1cc2c(Nc3cccc(Br)c3)ncnc2cn1,1000000.0,3.0,nM,TRIM22,Q8IYM9,CHEMBL203,TRIM22 kinase,343.04325754800004,3.5969000000000015,5,1,53.94,3,3,3,21,0.7868681517234083,0.13333333333333333,0,0,,True,True,True,True,True,True,True,True,True,True,False,,True,False,,True,True
CHEMBL000263,Brc1cccc(Nc2ncnc3cc4ccccc4cc23)c1,5452.32157032935,5.2634185379985645,nM,TRIM22,Q8IYM9,CHEMBL203,TRIM22 kinase,349.021459484,5.289100000000002,3,1,37.81,2,4,4,22,0.49938282866401273,0.0,0,1,LogP=5.29>5,True,True,True,True,True,True,True,True,True,True,False,,True,False,,True,True
CHEMBL000264,CCOc1cc2ncnc(Nc3ccc(F)c(Cl)c3)c2cc1OCC,379.18594132599225,6.42114777291026,nM,TRIM22,Q8IYM9,CHEMBL203,TRIM22 kinase,361.099332684,4.963300000000003,5,1,56.27000000000001,6,3,3,25,0.6718329180653437,0.2222222222222222,0,0,,True,True,True,True,True,True,True,True,True,True,False,,True,True,catechol,False,False
CHEMBL000265,Cc1cnc(Nc2cc(C(F)(F)F)cc(C3(N)CC3)c2)nc1,11794.370681194918,4.928325227052726,nM,TRIM22,Q8IYM9,CHEMBL203,TRIM22 kinase,308.12488114000007,3.4952200000000015,4,2,63.83,3,3,2,22,0.9107210731688247,0.3333333333333333,0,0,,True,True,True,True,True,True,True,True,True,True,False,,True,False,,True,True
CHEMBL000266,O=C(Nc1ccc2c(c1)OCCO2)c1ccc(Cl)cc1,0.5641349988205951,9.248616955897454,nM,TRIM22,Q8IYM9,CHEMBL203,TRIM22 kinase,289.050570924,3.363500000000002,3,1,47.56,2,3,2,20,0.9219638403299357,0.13333333333333333,0,0,,True,True,True,True,True,True,True,True,True,True,False,,True,True,catechol,False,False
CHEMBL000267,CS(=O)(=O)c1ccc(-c2nc3ccccc3s2)cc1,22141.75632457138,4.654787933059051,nM,TRIM22,Q8IYM9,CHEMBL203,TRIM22 kinase,289.023120592,3.3668000000000022,4,0,47.03,2,3,3,19,0.7264218540215103,0.07142857142857142,0,0,,True,True,True,True,True,True,True,True,True,True,False,,True,False,,True,True
CHEMBL000268,CC1CCN(c2nc(Nc3ccc(F)c(Cl)c3)c3ncnc(N4CC4)c3n2)CC1,724.5472793771016,6.139933269954524,nM,TRIM22,Q8IYM9,CHEMBL203,TRIM22 kinase,413.1530995720001,4.012200000000003,7,1,69.84,4,5,3,29,0.6476963579880024,0.4,0,0,,True,True,True,True,True,True,True,True,True,True,False,,True,False,,True,True
CHEMBL000269,c1ccc2c(c1)nc(Nc1ccc(F)c(Cl)c1)nc2N1CCCC1,100.89952786626812,6.996110865929137,nM,TRIM22,Q8IYM9,CHEMBL203,TRIM22 kinase,342.104752412,4.7661000000000024,4,1,41.050000000000004,3,4,3,24,0.7442830304115482,0.2222222222222222,0,0,,True,True,True,True,True,True,True,True,True,True,False,,True,False,,True,True
CHEMBL000270,CC(=O)Nc1ccc(-c2ccc3ncnc(Nc4cccc(Br)c4)c3c2)cc1,1.0916667088776961,8.961909933599173,nM,TRIM22,Q8IYM9,CHEMBL203,TRIM22 kinase,432.0585732640001,5.761300000000003,4,2,66.91,4,4,4,28,0.429491249943932,0.045454545454545456,0,1,LogP=5.76>5,True,True,True,True,True,True,True,True,True,True,False,,True,False,,True,True
CHEMBL000271,Brc1cccc(Nc2ncnc3cc4[nH]cnc4cc23)c1,22583.602796186522,4.6462067732308405,nM,TRIM22,Q8IYM9,CHEMBL203,TRIM22 kinase,339.01195742000004,4.012200000000001,4,2,66.49000000000001,2,4,4,21,0.5785608229687814,0.0,0,0,,True,True,True,True,True,True,True,True,True,True,False,,True,False,,True,True
CHEMBL000272,CNc1cc2c(Nc3cccc(Br)c3)ncnc2cn1,2.8526886340698923,8.54474562823244,nM,TRIM22,Q8IYM9,CHEMBL203,TRIM22 kinase,329.02760748400004,3.572600000000002,5,2,62.730000000000004,3,3,3,20,0.7686164717854101,0.07142857142857142,0,0,,True,True,True,True,True,True,True,True,True,True,False,,True,False,,True,True
CHEMBL000273,O=C(c1ccc(Cl)cc1)N1CCN(c2ncnc3ccccc23)CC1,152.98554869349846,6.8153495915293805,nM,TRIM22,Q8IYM9,CHEMBL203,TRIM22 kinase,352.109088844,3.2456000000000014,4,0,49.330000000000005,2,4,3,25,0.7100746986812095,0.21052631578947367,0,0,,True,True,True,True,True,True,True,True,True,True,False,,True,False,,True,True
CHEMBL000274,Cc1ccc(-c2cc(NC(=O)c3ccc(CN4CCN(C)CC4)cc3)c(C)n2-c2ccc(F)cc2)cc1,4701.787278378289,5.327737023428074,nM,TRIM22,Q8IYM9,CHEMBL203,TRIM22 kinase,496.26383989600004,5.899940000000006,3,1,40.510000000000005,6,5,4,37,0.3613676135606394,0.25806451612903225,0,1,LogP=5.90>5,True,False,True,True,True,True,True,True,True,False,True,pyrrole_B(29),False,False,,True,False
CHEMBL000275,COc1ccc(Nc2ncc3cc(-c4ccc(F)cc4)cc(=O)n3n2)cc1,32.12512221923184,7.493155211394906,nM,TRIM22,Q8IYM9,CHEMBL203,TRIM22 kinase,362.11790394,3.647800000000002,5,1,68.52,4,4,4,27,0.6001709199617381,0.05,0,0,,True,True,True,True,True,True,True,True,True,True,False,,True,False,,True,True
CHEMBL000276,O=C(/C=C/c1ccc(O)cc1)Nc1ccccc1,79.69121653388571,7.098589543360205,nM,TRIM22,Q8IYM9,CHEMBL203,TRIM22 kinase,239.094628656,3.0441000000000003,2,2,49.33,3,2,2,18,0.808653511215013,0.0,0,0,,True,True,True,True,True,True,True,True,True,True,False,,True,True,michael_acceptor;isolated_alkene,False,False
CHEMBL000277,Cc1ccc(S(=O)(=O)Nc2cccc(C(F)(F)F)c2)cc1,1259.8687847694646,5.899674684261807,nM,TRIM22,Q8IYM9,CHEMBL203,TRIM22 kinase,315.054084284,3.8146200000000023,2,1,46.17,3,2,2,21,0.9358255532078548,0.14285714285714285,0,0,,True,True,True,True,True,True,True,True,True,True,False,,True,False,,True,True
CHEMBL000278,CC(Nc1nc2ccccc2s1)c1ccccc1,124.53656207164842,6.904703127485028,nM,TRIM22,Q8IYM9,CHEMBL203,TRIM22 kinase,254.087769448,4.469400000000003,3,1,24.92,3,3,3,18,0.7456020593403673,0.13333333333333333,1,0,,True,True,True,True,True,True,True,True,True,True,False,,True,False,,True,True
CHEMBL000279,N#Cc1ccc(NC(=O)c2cc3cc(Cl)ccc3[nH]2)cc1,599.7501914760992,6.22202960470736,nM,TRIM22,Q8IYM9,CHEMBL203,TRIM22 kinase,295.05123962,3.945280000000002,2,2,68.68,2,3,3,21,0.7514579774465523,0.0,0,0,,True,True,True,True,True,True,True,True,True,True,False,,True,False,,True,True
CHEMBL000280,COc1cc2ncnc(Nc3ccc(F)c(Cl)c3)c2cc1OCCCN1CCOCC1,107.083851252541,6.970276017876872,nM,TRIM22,Q8IYM9,CHEMBL203,TRIM22 kinase,446.15209652799996,4.275600000000003,7,1,68.74000000000001,8,4,3,31,0.517854527865434,0.36363636363636365,0,0,,True,True,True,True,True,True,True,True,True,True,False,,True,True,catechol,False,False
CHEMBL000281,COc1cc2c(Nc3cccc(Br)c3)ncnc2cc1OCC,16.099188603745123,7.7931960117815695,nM,TRIM22,Q8IYM9,CHEMBL203,TRIM22 kinase,373.042588852,4.543200000000003,5,1,56.269999999999996,5,3,3,23,0.710549727643725,0.17647058823529413,0,0,,True,True,True,True,True,True,True,True,True,True,False,,True,True,catechol,False,False
CHEMBL000282,CN(C)c1cc2c(Nc3cccc(Br)c3)ncnc2cn1,0.6621780426825962,9.179025224218028,nM,TRIM22,Q8IYM9,CHEMBL203,TRIM22 kinase,343.04325754800004,3.5969000000000015,5,1,53.94,3,3,3,21,0.7868681517234083,0.13333333333333333,0,0,,True,True,True,True,True,True,True,True,True,True,False,,True,False,,True,True
CHEMBL000283,Brc1cccc(Nc2ncnc3cc4ccccc4cc23)c1,11395.234011497672,4.9432767517597265,nM,TRIM22,Q8IYM9,CHEMBL203,TRIM22 kinase,349.021459484,5.289100000000002,3,1,37.81,2,4,4,22,0.49938282866401273,0.0,0,1,LogP=5.29>5,True,True,True,True,True,True,True,True,True,True,False,,True,False,,True,True
CHEMBL000284,CCOc1cc2ncnc(Nc3ccc(F)c(Cl)c3)c2cc1OCC,0.10010365574221794,9.9995500619844,nM,TRIM22,Q8IYM9,CHEMBL203,TRIM22 kinase,361.099332684,4.963300000000003,5,1,56.27000000000001,6,3,3,25,0.6718329180653437,0.2222222222222222,0,0,,True,True,True,True,True,True,True,True,True,True,False,,True,True,catechol,False,False
CHEMBL000285,Cc1cnc(Nc2cc(C(F)(F)F)cc(C3(N)CC3)c2)nc1,134317.22147575836,3.871868300716247,nM,TRIM22,Q8IYM9,CHEMBL203,TRIM22 kinase,308.12488114000007,3.4952200000000015,4,2,63.83,3,3,2,22,0.9107210731688247,0.3333333333333333,0,0,,True,True,True,True,True,True,True,True,True,True,False,,True,False,,True,True
CHEMBL000286,O=C(Nc1ccc2c(c1)OCCO2)c1ccc(Cl)cc1,267.71804353773695,6.572322357446625,nM,TRIM22,Q8IYM9,CHEMBL203,TRIM22 kinase,289.050570924,3.363500000000002,3,1,47.56,2,3,2,20,0.9219638403299357,0.13333333333333333,0,0,,True,True,True,True,True,True,True,True,True,True,False,,True,True,catechol,False,False
CHEMBL000287,CS(=O)(=O)c1ccc(-c2nc3ccccc3s2)cc1,20.774194349497463,7.682475809726864,nM,TRIM22,Q8IYM9,CHEMBL203,TRIM22 kinase,289.023120592,3.3668000000000022,4,0,47.03,2,3,3,19,0.7264218540215103,0.07142857142857142,0,0,,True,True,True,True,True,True,True,True,True,True,False,,True,False,,True,True
CHEMBL000288,CC1CCN(c2nc(Nc3ccc(F)c(Cl)c3)c3ncnc(N4CC4)c3n2)CC1,60.04988753918878,7.2214878016025486,nM,TRIM22,Q8IYM9,CHEMBL203,TRIM22 kinase,413.1530995720001,4.012200000000003,7,1,69.84,4,5,3,29,0.6476963579880024,0.4,0,0,,True,True,True,True,True,True,True,True,True,True,False,,True,False,,True,True
CHEMBL000289,c1ccc2c(c1)nc(Nc1ccc(F)c(Cl)c1)nc2N1CCCC1,1361.59917541252,5.865950720269109,nM,TRIM22,Q8IYM9,CHEMBL203,TRIM22 kinase,342.104752412,4.7661000000000024,4,1,41.050000000000004,3,4,3,24,0.7442830304115482,0.2222222222222222,0,0,,True,True,True,True,True,True,True,True,True,True,False,,True,False,,True,True
CHEMBL000290,CC(=O)Nc1ccc(-c2ccc3ncnc(Nc4cccc(Br)c4)c3c2)cc1,325.2245905058284,6.487816624464087,nM,TRIM22,Q8IYM9,CHEMBL203,TRIM22 kinase,432.0585732640001,5.761300000000003,4,2,66.91,4,4,4,28,0.429491249943932,0.045454545454545456,0,1,LogP=5.76>5,True,True,True,True,True,True,True,True,True,True,False,,True,False,,True,True
CHEMBL000291,Brc1cccc(Nc2ncnc3cc4[nH]cnc4cc23)c1,869.9642414769017,6.06049859801175,nM,TRIM22,Q8IYM9,CHEMBL203,TRIM22 kinase,339.01195742000004,4.012200000000001,4,2,66.49000000000001,2,4,4,21,0.5785608229687814,0.0,0,0,,True,True,True,True,True,True,True,True,True,True,False,,True,False,,True,True
CHEMBL000292,CNc1cc2c(Nc3cccc(Br)c3)ncnc2cn1,1213.5205507163544,5.915952864583683,nM,TRIM22,Q8IYM9,CHEMBL203,TRIM22 kinase,329.02760748400004,3.572600000000002,5,2,62.730000000000004,3,3,3,20,0.7686164717854101,0.07142857142857142,0,0,,True,True,True,True,True,True,True,True,True,True,False,,True,False,,True,True
CHEMBL000293,O=C(c1ccc(Cl)cc1)N1CCN(c2ncnc3ccccc23)CC1,8.425522728346039,8.074403145531537,nM,TRIM22,Q8IYM9,CHEMBL203,TRIM22 kinase,352.109088844,3.2456000000000014,4,0,49.330000000000005,2,4,3,25,0.7100746986812095,0.21052631578947367,0,0,,True,True,True,True,True,True,True,True,True,True,False,,True,False,,True,True
CHEMBL000294,Cc1ccc(-c2cc(NC(=O)c3ccc(CN4CCN(C)CC4)cc3)c(C)n2-c2ccc(F)cc2)cc1,46.182428981046314,7.3355232289475705,nM,TRIM22,Q8IYM9,CHEMBL203,TRIM22 kinase,496.26383989600004,5.899940000000006,3,1,40.510000000000005,6,5,4,37,0.3613676135606394,0.25806451612903225,0,1,LogP=5.90>5,True,False,True,True,True,True,True,True,True,False,True,pyrrole_B(29),False,False,,True,False
CHEMBL000295,COc1ccc(Nc2ncc3cc(-c4ccc(F)cc4)cc(=O)n3n2)cc1,1735.2593489045667,5.760635607109019,nM,TRIM22,Q8IYM9,CHEMBL203,TRIM22 kinase,362.11790394,3.647800000000002,5,1,68.52,4,4,4,27,0.6001709199617381,0.05,0,0,,True,True,True,True,True,True,True,True,True,True,False,,True,False,,True,True
CHEMBL000296,O=C(/C=C/c1ccc(O)cc1)Nc1ccccc1,7.089248285699543,8.149399813149875,nM,TRIM22,Q8IYM9,CHEMBL203,TRIM22 kinase,239.094628656,3.0441000000000003,2,2,49.33,3,2,2,18,0.808653511215013,0.0,0,0,,True,True,True,True,True,True,True,True,True,True,False,,True,True,michael_acceptor;isolated_alkene,False,False
CHEMBL000297,Cc1ccc(S(=O)(=O)Nc2cccc(C(F)(F)F)c2)cc1,54.83409986852815,7.260949281314914,nM,TRIM22,Q8IYM9,CHEMBL203,TRIM22 kinase,315.054084284,3.8146200000000023,2,1,46.17,3,2,2,21,0.9358255532078548,0.14285714285714285,0,0,,True,True,True,True,True,True,True,True,True,True,False,,True,False,,True,True
CHEMBL000298,CC(Nc1nc2ccccc2s1)c1ccccc1,9.565481183708012,8.01929317825844,nM,TRIM22,Q8IYM9,CHEMBL203,TRIM22 kinase,254.087769448,4.469400000000003,3,1,24.92,3,3,3,18,0.7456020593403673,0.13333333333333333,1,0,,True,True,True,True,True,True,True,True,True,True,False,,True,False,,True,True
CHEMBL000299,N#Cc1ccc(NC(=O)c2cc3cc(Cl)ccc3[nH]2)cc1,18.011784286859097,7.744443262885418,nM,TRIM22,Q8IYM9,CHEMBL203,TRIM22 kinase,295.05123962,3.945280000000002,2,2,68.68,2,3,3,21,0.7514579774465523,0.0,0,0,,True,True,True,True,True,True,True,True,True,True,False,,True,False,,True,True
